/*
 Navicat Premium Data Transfer

 Source Server         : 阿里云
 Source Server Type    : MySQL
 Source Server Version : 50732
 Source Host           : 8.135.236.210:3306
 Source Schema         : lylme

 Target Server Type    : MySQL
 Target Server Version : 50732
 File Encoding         : 65001

 Date: 16/08/2024 23:28:41
*/

SET NAMES utf8mb4;
SET FOREIGN_KEY_CHECKS = 0;

-- ----------------------------
-- Table structure for lylme_apply
-- ----------------------------
DROP TABLE IF EXISTS `lylme_apply`;
CREATE TABLE `lylme_apply`  (
  `apply_id` int(4) NOT NULL AUTO_INCREMENT,
  `apply_name` varchar(20) CHARACTER SET utf8 COLLATE utf8_general_ci NOT NULL,
  `apply_url` varchar(255) CHARACTER SET utf8 COLLATE utf8_general_ci NOT NULL,
  `apply_group` int(2) NOT NULL,
  `apply_icon` text CHARACTER SET utf8 COLLATE utf8_general_ci NOT NULL,
  `apply_desc` varchar(255) CHARACTER SET utf8 COLLATE utf8_general_ci NULL DEFAULT NULL COMMENT '链接描述',
  `apply_time` datetime NOT NULL,
  `apply_status` int(11) NOT NULL,
  PRIMARY KEY (`apply_id`) USING BTREE
) ENGINE = InnoDB AUTO_INCREMENT = 2 CHARACTER SET = utf8 COLLATE = utf8_general_ci COMMENT = '收录申请' ROW_FORMAT = Dynamic;

-- ----------------------------
-- Records of lylme_apply
-- ----------------------------

-- ----------------------------
-- Table structure for lylme_config
-- ----------------------------
DROP TABLE IF EXISTS `lylme_config`;
CREATE TABLE `lylme_config`  (
  `id` int(11) NOT NULL AUTO_INCREMENT COMMENT 'ID',
  `k` varchar(30) CHARACTER SET utf8mb4 COLLATE utf8mb4_unicode_ci NOT NULL COMMENT '键',
  `v` text CHARACTER SET utf8mb4 COLLATE utf8mb4_unicode_ci NULL COMMENT '值',
  `description` varchar(30) CHARACTER SET utf8mb4 COLLATE utf8mb4_unicode_ci NULL DEFAULT NULL COMMENT '描述',
  PRIMARY KEY (`id`) USING BTREE,
  UNIQUE INDEX `k`(`k`) USING BTREE
) ENGINE = InnoDB AUTO_INCREMENT = 122 CHARACTER SET = utf8mb4 COLLATE = utf8mb4_unicode_ci COMMENT = '导航配置' ROW_FORMAT = COMPACT;

-- ----------------------------
-- Records of lylme_config
-- ----------------------------
INSERT INTO `lylme_config` VALUES (1, 'admin_pwd', 'f438d067b3ccbcd129622fb18730a1e9', '管理员密码');
INSERT INTO `lylme_config` VALUES (2, 'admin_user', 'qiyu', '管理员账号');
INSERT INTO `lylme_config` VALUES (3, 'apply', '0', '收录申请');
INSERT INTO `lylme_config` VALUES (4, 'apply_gg', '<b>收录说明：</b><br>1. 禁止提交违规违法站点<br>2. 页面整洁，无多个弹窗广告和恶意跳转<br>3. 非盈利性网站，网站正常访问<br>4. 添加本站友链或网站已ICP备案优先收录<br>', '收录公告');
INSERT INTO `lylme_config` VALUES (5, 'background', './assets/img/background1.jpg', '背景图片');
INSERT INTO `lylme_config` VALUES (6, 'title', '网址导航', '网站标题');
INSERT INTO `lylme_config` VALUES (7, 'cdnpublic', '', 'CDN地址');
INSERT INTO `lylme_config` VALUES (8, 'copyright', 'Copyright ©2022-2024 <a href=\"/\">网址导航</a>.  All Rights Reserved.', '版权代码');
INSERT INTO `lylme_config` VALUES (9, 'description', '导航页致力于简洁高效无广告的上网导航和搜索入口，沉淀最具价值链接，全站无商业推广，简约而不简单。', '网站描述');
INSERT INTO `lylme_config` VALUES (10, 'home-title', '<h2 class=\"title\">上网，从这里开始！</h2>', '首页标题');
INSERT INTO `lylme_config` VALUES (11, 'icp', '', '备案号');
INSERT INTO `lylme_config` VALUES (12, 'keywords', '导航页,百度搜索,哔哩哔哩搜索,知乎搜索,网站导航,上网导航', '关键字');
INSERT INTO `lylme_config` VALUES (13, 'logo', './assets/img/logo1.png', '网站LOGO');
INSERT INTO `lylme_config` VALUES (14, 'md5pass', '1', '启用md5加密密码');
INSERT INTO `lylme_config` VALUES (15, 'template', 'default', '网站模板');
INSERT INTO `lylme_config` VALUES (16, 'wztj', '', '网站统计代码(自定义footer)');
INSERT INTO `lylme_config` VALUES (17, 'tq', 'false', '天气显示开关');
INSERT INTO `lylme_config` VALUES (18, 'version', 'v1.9.5', '程序版本');
INSERT INTO `lylme_config` VALUES (19, 'wap_background', '', '手机端背景');
INSERT INTO `lylme_config` VALUES (20, 'wxplus', '', '微信推送密钥');
INSERT INTO `lylme_config` VALUES (21, 'wxplustime', '20:00', '微信推送时间');
INSERT INTO `lylme_config` VALUES (22, 'yan', 'true', '随机一言开关');
INSERT INTO `lylme_config` VALUES (23, 'about', '1', '新版关于页面');
INSERT INTO `lylme_config` VALUES (24, 'about_content', '<h3>关于本站</h3>\r\n<p>感谢来访，本站致力于简洁高效的上网导航和搜索入口，安全快捷。</p>\r\n<p>如果您喜欢我们的网站，请将本站添加到收藏夹（快捷键<code>Ctrl+D</code>），并<a href=\"https://jingyan.baidu.com/article/4dc40848868eba89d946f1c0.html\" target=\"_blank\">设为浏览器主页</a>，方便您的下次访问，感谢支持。<p>\r\n<hr>\r\n<h3>本站承诺</h3>\r\n<p><strong>绝对不会收集用户的隐私信息</strong><p>\r\n<p>区别于部分导航网站，本站链接直接跳转目标，不会对链接处理再后跳转，不会收集用户的隐藏信息，包括但不限于点击记录，访问记录和搜索记录，请放心使用</p>\r\n<hr>\r\n<h3>申请收录</h3>\r\n<p>请点<a href=\"../apply\" target=\"_blank\">这里</a></p>\r\n<hr>\r\n<h3>联系我们</h3>\r\n<p>若您在使用本站时遇到了包括但不限于以下问题：</p>\r\n<li>图标缺失</li>\r\n<li>目标网站无法打开</li>\r\n<li>描述错误</li>\r\n<li>网站违规</li>\r\n<li>收录加急处理</li>\r\n<li>链接删除</li>\r\n<p><strong>请发邮件与我们联系</strong></p>\r\n<h5>联系邮箱</h5>\r\n<p><a href=\"mailto:无\">li_6414@163.com</a></p>\r\n<h5>联系说明</h5>\r\n<p>为了您的问题能快速被处理，建议在邮件主题添加【反馈】【投诉】【推荐】【友链】</p>', '关于页面');
INSERT INTO `lylme_config` VALUES (25, 'build', '2024-08-15 20:34', '建站日期');
INSERT INTO `lylme_config` VALUES (36, 'mode', '1', '网站运行模式');
INSERT INTO `lylme_config` VALUES (37, 'snapshot', '', '详情页快照API');
INSERT INTO `lylme_config` VALUES (42, 'c', '', '程序授权码');
INSERT INTO `lylme_config` VALUES (91, 'theme_config_default', '{\"home_title\":\"<h2 class=\\\"title\\\">\\u4e0a\\u7f51\\uff0c\\u4ece\\u8fd9\\u91cc\\u5f00\\u59cb\\uff01<\\/h2>\",\"lytoday\":\"0\",\"lytodaycode\":\"<div id=\\\"lytoday\\\"><\\/div><script src=\\\"https:\\/\\/lytoday.lylme.com\\/\\\"><\\/script>\",\"background_position\":\"0\",\"gonganbei\":\"\",\"theme_path\":\"default\"}', 'default主题自定义设置');

-- ----------------------------
-- Table structure for lylme_groups
-- ----------------------------
DROP TABLE IF EXISTS `lylme_groups`;
CREATE TABLE `lylme_groups`  (
  `group_id` int(2) NOT NULL AUTO_INCREMENT COMMENT '分组ID',
  `group_name` varchar(10) CHARACTER SET utf8mb4 COLLATE utf8mb4_general_ci NOT NULL COMMENT '分组名称',
  `group_icon` text CHARACTER SET utf8mb4 COLLATE utf8mb4_unicode_ci NULL COMMENT '分组图标',
  `group_order` int(4) NOT NULL DEFAULT 5 COMMENT '分组排序',
  `group_status` int(1) NOT NULL DEFAULT 1 COMMENT '分组状态',
  `group_pwd` int(2) NOT NULL DEFAULT 0 COMMENT '加密组ID',
  PRIMARY KEY (`group_id`) USING BTREE,
  UNIQUE INDEX `group_name`(`group_name`) USING BTREE
) ENGINE = InnoDB AUTO_INCREMENT = 15 CHARACTER SET = utf8mb4 COLLATE = utf8mb4_general_ci ROW_FORMAT = COMPACT;

-- ----------------------------
-- Records of lylme_groups
-- ----------------------------
INSERT INTO `lylme_groups` VALUES (1, '常用标签', '<svg class=\"icon\" aria-hidden=\"true\"><use xlink:href=\"#icon-remen\"></use></svg>', 0, 1, 0);
INSERT INTO `lylme_groups` VALUES (2, '设计视觉', '<svg class=\"icon\" aria-hidden=\"true\"><use xlink:href=\"#icon-sheji\"></use></svg>', 8, 1, 0);
INSERT INTO `lylme_groups` VALUES (4, '常用工具', '<svg class=\"icon\" aria-hidden=\"true\"><use xlink:href=\"#icon-ai-tool\"></use></svg>', 2, 1, 0);
INSERT INTO `lylme_groups` VALUES (5, '开发技术', '<svg class=\"icon\" aria-hidden=\"true\"><use xlink:href=\"#icon-kongzhitai\"></use></svg>', 4, 1, 0);
INSERT INTO `lylme_groups` VALUES (6, '游戏娱乐', '<svg class=\"icon\" aria-hidden=\"true\"><use xlink:href=\"#icon-game00\"></use></svg>', 6, 1, 0);
INSERT INTO `lylme_groups` VALUES (8, '博客论坛', '<svg t=\"1723810251537\" class=\"icon\" viewBox=\"0 0 1024 1024\" version=\"1.1\" xmlns=\"http://www.w3.org/2000/svg\" p-id=\"9480\" width=\"220\" height=\"220\"><path d=\"M512 1014.153846c277.336615 0 502.153846-224.817231 502.153846-502.153846S789.336615 9.846154 512 9.846154 9.846154 234.663385 9.846154 512s224.817231 502.153846 502.153846 502.153846z m0-39.384615C256.423385 974.769231 49.230769 767.576615 49.230769 512S256.423385 49.230769 512 49.230769s462.769231 207.192615 462.769231 462.769231-207.192615 462.769231-462.769231 462.769231z\" fill=\"#d81e06\" p-id=\"9481\"></path><path d=\"M465.900308 743.808C480.984615 746.791385 496.403692 748.307692 512 748.307692c130.510769 0 236.307692-105.796923 236.307692-236.307692S642.510769 275.692308 512 275.692308 275.692308 381.489231 275.692308 512c0 15.596308 1.516308 31.015385 4.499692 46.099692a19.692308 19.692308 0 1 0 38.636308-7.650461A197.976615 197.976615 0 0 1 315.076923 512c0-108.760615 88.162462-196.923077 196.923077-196.923077s196.923077 88.162462 196.923077 196.923077-88.162462 196.923077-196.923077 196.923077c-13.026462 0-25.895385-1.260308-38.449231-3.741539a19.692308 19.692308 0 1 0-7.650461 38.626462z\" fill=\"#d81e06\" p-id=\"9482\"></path><path d=\"M512 512m-78.769231 0a78.769231 78.769231 0 1 0 157.538462 0 78.769231 78.769231 0 1 0-157.538462 0Z\" fill=\"#d81e06\" p-id=\"9483\"></path><path d=\"M512.196923 502.882462C400.128 546.973538 324.923077 655.389538 324.923077 777.846154a19.692308 19.692308 0 1 0 39.384615 0c0-106.141538 65.181538-200.103385 162.304-238.316308a19.692308 19.692308 0 1 0-14.424615-36.647384z\" fill=\"#d81e06\" p-id=\"9484\"></path></svg>', 3, 1, 0);
INSERT INTO `lylme_groups` VALUES (9, '素材模版', '<svg t=\"1723819934409\" class=\"icon\" viewBox=\"0 0 1024 1024\" version=\"1.1\" xmlns=\"http://www.w3.org/2000/svg\" p-id=\"5309\" width=\"200\" height=\"200\"><path d=\"M1024 512c0 282.72-229.28 512-512 512S0 794.72 0 512 229.28 0 512 0s512 229.28 512 512\" fill=\"#5A89FF\" p-id=\"5310\"></path><path d=\"M638.24 828.64h-157.92c-13.44 0-24.32-10.88-24.32-24.32V236c0-13.44 10.88-24.32 24.32-24.32h157.92c13.44 0 24.32 10.88 24.32 24.32v568.32c0.16 13.44-10.72 24.32-24.32 24.32z m-133.44-48.64h109.12V260.32h-109.12v519.68z\" fill=\"#FFFFFF\" p-id=\"5311\"></path><path d=\"M796.16 828.64h-157.92c-13.44 0-24.32-10.88-24.32-24.32V236c0-13.44 10.88-24.32 24.32-24.32h157.92c13.44 0 24.32 10.88 24.32 24.32v568.32c0 13.44-10.88 24.32-24.32 24.32z m-133.44-48.64h109.12V260.32h-109.12v519.68z\" fill=\"#FFFFFF\" p-id=\"5312\"></path><path d=\"M362.08 828.64c-0.96 0-1.92 0-2.88-0.16l-134.24-15.84a24.32 24.32 0 0 1-21.28-27.04l63.2-552.64c0.8-6.4 4-12.32 9.12-16.32 5.12-4 11.68-5.76 18.08-4.96l126.24 15.84c13.12 1.6 22.56 13.44 21.28 26.56l-55.2 552.64c-0.64 6.56-3.84 12.48-8.96 16.64-4.48 3.36-9.92 5.28-15.36 5.28z m-107.36-61.44l85.44 10.08 50.4-504.32-78.24-9.76-57.6 504z\" fill=\"#FFFFFF\" p-id=\"5313\"></path><path d=\"M692.96 378.08h48.64v47.36h-48.64z\" fill=\"#FFFFFF\" p-id=\"5314\"></path><path d=\"M535.04 378.08h48.64v47.36h-48.64z\" fill=\"#FFFFFF\" p-id=\"5315\"></path></svg>', 7, 1, 0);
INSERT INTO `lylme_groups` VALUES (10, '教程文档', '<svg t=\"1723819969434\" class=\"icon\" viewBox=\"0 0 1024 1024\" version=\"1.1\" xmlns=\"http://www.w3.org/2000/svg\" p-id=\"7638\" width=\"200\" height=\"200\"><path d=\"M512 0A512 512 0 1 1 0 512 512 512 0 0 1 512 0z\" fill=\"#849EF9\" p-id=\"7639\"></path><path d=\"M719.893333 281.6h-115.2a28.8 28.8 0 0 1 0-57.6h115.2a28.8 28.8 0 0 1 0 57.6z m0 172.8h-115.2a28.8 28.8 0 0 1 0-57.6h115.2a28.8 28.8 0 0 1 0 57.6z m0 172.8h-403.2a28.8 28.8 0 0 1 0-57.6h403.2a28.8 28.8 0 0 1 0 57.6z m0 172.8h-403.2a28.8 28.8 0 0 1 0-57.6h403.2a28.8 28.8 0 0 1 0 57.6z m-230.4-345.6h-172.8a28.8 28.8 0 0 1-28.8-28.8v-172.8a28.8 28.8 0 0 1 28.8-28.8h172.8a28.8 28.8 0 0 1 28.8 28.8v172.8a28.8 28.8 0 0 1-28.8 28.8z m-144-57.6h115.2v-115.2h-115.2z\" fill=\"#FFFFFF\" p-id=\"7640\"></path></svg>', 11, 0, 0);
INSERT INTO `lylme_groups` VALUES (11, '资源公共库', '<svg t=\"1723820001210\" class=\"icon\" viewBox=\"0 0 1024 1024\" version=\"1.1\" xmlns=\"http://www.w3.org/2000/svg\" p-id=\"8668\" width=\"200\" height=\"200\"><path d=\"M2.347249 4.694499m226.53453 0l566.236442 0q226.53453 0 226.53453 226.534529l0 566.236442q0 226.53453-226.53453 226.53453l-566.236442 0q-226.53453 0-226.53453-226.53453l0-566.236442q0-226.53453 226.53453-226.534529Z\" fill=\"#3A6ED6\" p-id=\"8669\"></path><path d=\"M441.832228 321.0238h167.703472a14.88256 14.88256 0 0 0 13.983613-14.982442 16.880218 16.880218 0 0 0-13.983613-17.079985H441.832228a16.880218 16.880218 0 0 0-13.983613 17.079985 14.88256 14.88256 0 0 0 13.983613 14.982442zM688.642996 436.388607a16.880218 16.880218 0 0 0-13.983612-16.880218H377.207959a16.880218 16.880218 0 0 0-13.983613 17.079984 13.983613 13.983613 0 0 0 13.983613 13.983613h297.451425a13.983613 13.983613 0 0 0 13.983612-14.183379zM410.668748 386.0476h231.428794a18.078814 18.078814 0 0 0 13.983613-18.078813 13.983613 13.983613 0 0 0-13.983613-13.983613H410.668748a13.983613 13.983613 0 0 0-13.983613 13.983613 18.078814 18.078814 0 0 0 13.983613 18.078813zM627.015217 677.006633H424.852126a18.678112 18.678112 0 0 0-18.678111 18.678111A14.982442 14.982442 0 0 0 424.852126 709.168943h202.163091a14.982442 14.982442 0 0 0 18.678111-13.584082 18.678112 18.678112 0 0 0-18.678111-18.678111z\" fill=\"#FFFFFF\" p-id=\"8670\"></path><path d=\"M843.261803 520.7897L755.46469 240.218494a73.513851 73.513851 0 0 0-68.519704-48.443231H364.922357a73.513851 73.513851 0 0 0-68.619587 48.443231l-87.797113 280.571206a59.92977 59.92977 0 0 0-5.893094 25.669918v231.229028a60.728833 60.728833 0 0 0 60.628951 60.628951h525.284432a60.728833 60.728833 0 0 0 60.628951-60.628951V546.459618a59.92977 59.92977 0 0 0-5.893094-25.669918z m-484.332423-249.707375a27.567694 27.567694 0 0 1 24.071791-15.881389h285.665236a27.168162 27.168162 0 0 1 24.171673 15.881389l61.328131 211.252439H622.920016a42.350371 42.350371 0 0 0-32.362076 18.877877 68.220055 68.220055 0 0 1-129.847835 0 42.350371 42.350371 0 0 0-32.062426-18.877877H299.598908z m411.417869 502.411237H280.421381a13.983613 13.983613 0 0 1-13.983613-13.983613v-199.765899a13.983613 13.983613 0 0 1 13.983613-13.983613h143.332033a112.06867 112.06867 0 0 0 204.360515 0h142.23332a13.983613 13.983613 0 0 1 13.983613 13.983613V759.110417a13.983613 13.983613 0 0 1-13.983613 14.383145z\" fill=\"#FFFFFF\" p-id=\"8671\"></path></svg>', 10, 1, 0);
INSERT INTO `lylme_groups` VALUES (12, '云服务', '<svg t=\"1723810304684\" class=\"icon\" viewBox=\"0 0 1024 1024\" version=\"1.1\" xmlns=\"http://www.w3.org/2000/svg\" p-id=\"10582\" width=\"200\" height=\"200\"><path d=\"M794.578844 803.738457c0 0 144.688333 0.146333 165.006078-141.414777 9.67843-154.823158-139.847072-185.337125-139.847072-185.337125s17.017582-229.186819-192.959733-255.313873C446.799022 203.290009 392.044978 370.542244 392.044978 370.542244s-54.198389-52.127218-127.736243-9.552563c-65.797565 40.640606-54.17997 115.025757-54.17997 115.025757S63.963801 504.413208 63.963801 653.432173C67.240427 802.24136 222.708268 803.738457 222.708268 803.738457\" fill=\"#2B629D\" p-id=\"10583\"></path></svg>', 5, 1, 0);
INSERT INTO `lylme_groups` VALUES (13, '网址导航', '<svg t=\"1723820238231\" class=\"icon\" viewBox=\"0 0 1024 1024\" version=\"1.1\" xmlns=\"http://www.w3.org/2000/svg\" p-id=\"13520\" width=\"200\" height=\"200\"><path d=\"M184 184v208h208V184H184z m-40-72h288c17.673 0 32 14.327 32 32v288c0 17.673-14.327 32-32 32H144c-17.673 0-32-14.327-32-32V144c0-17.673 14.327-32 32-32z m506.44 175.293l86.267 86.267 84.853-84.853-86.267-86.267-84.853 84.853z m107.48-152.735L889.442 266.08c12.497 12.496 12.497 32.758 0 45.255L759.335 441.442c-12.497 12.497-32.759 12.497-45.255 0L582.558 309.92c-12.497-12.496-12.497-32.758 0-45.255l130.107-130.107c12.497-12.497 32.759-12.497 45.255 0zM184 632v208h208V632H184z m-40-72h288c17.673 0 32 14.327 32 32v288c0 17.673-14.327 32-32 32H144c-17.673 0-32-14.327-32-32V592c0-17.673 14.327-32 32-32z m488 72v208h208V632H632z m-40-72h288c17.673 0 32 14.327 32 32v288c0 17.673-14.327 32-32 32H592c-17.673 0-32-14.327-32-32V592c0-17.673 14.327-32 32-32z\" fill=\"#5090F1\" p-id=\"13521\"></path></svg>', 1, 1, 0);
INSERT INTO `lylme_groups` VALUES (14, '网络&VPN', '<svg t=\"1723820022480\" class=\"icon\" viewBox=\"0 0 1024 1024\" version=\"1.1\" xmlns=\"http://www.w3.org/2000/svg\" p-id=\"9777\" width=\"200\" height=\"200\"><path d=\"M512 96c229.76 0 416 186.24 416 416S741.76 928 512 928 96 741.76 96 512 282.24 96 512 96z m-32 448l-127.317333 0.021333c0.896 20.48 2.624 40.405333 5.12 59.669334l1.984 14.293333 2.474666 15.253333c19.754667 112.896 65.728 197.738667 117.76 222.997334L480 544z m191.317333 0.021333L544 544v312.234667c50.858667-24.725333 95.936-106.368 116.373333-215.509334l1.365334-7.488 2.474666-15.232a701.013333 701.013333 0 0 0 7.104-73.984z m-382.698666 0H161.429333c11.648 129.066667 92.992 238.08 206.101334 289.066667-22.122667-34.282667-40.362667-76.416-53.76-124.032l-3.029334-11.093333-3.52-14.165334-3.242666-14.464a744.490667 744.490667 0 0 1-15.36-125.312z m573.952 0H735.36a752.661333 752.661333 0 0 1-12.672 112.128l-2.688 13.184-3.242667 14.464-3.52 14.186667c-13.653333 52.138667-32.96 98.197333-56.789333 135.104 113.109333-50.986667 194.453333-160 206.08-289.066667zM367.530667 190.890667l-2.858667 1.301333C253.013333 243.733333 172.970667 352 161.429333 480h127.189334c1.536-39.04 5.866667-76.693333 12.672-112.149333l2.688-13.184 3.242666-14.464 3.52-14.186667c13.653333-52.138667 32.96-98.197333 56.789334-135.104zM480 167.765333c-50.709333 24.618667-95.68 105.898667-116.202667 214.592l-1.536 8.405334-2.474666 15.232a701.034667 701.034667 0 0 0-7.104 74.005333H480V167.765333z m176.469333 23.146667l2.56 4.053333c20.906667 33.429333 38.229333 73.984 51.093334 119.552l3.136 11.52 3.52 14.165334 3.242666 14.464c8.362667 39.253333 13.632 81.408 15.36 125.333333h127.189334c-11.626667-129.088-92.970667-238.101333-206.101334-289.066667zM544 167.765333L544 480h127.317333a707.136 707.136 0 0 0-5.333333-61.376l-1.770667-12.629333-2.474666-15.232c-19.754667-112.874667-65.706667-197.717333-117.717334-222.997334z\" fill=\"#1677FF\" p-id=\"9778\"></path></svg>', 12, 1, 0);

-- ----------------------------
-- Table structure for lylme_links
-- ----------------------------
DROP TABLE IF EXISTS `lylme_links`;
CREATE TABLE `lylme_links`  (
  `id` int(4) NOT NULL AUTO_INCREMENT COMMENT '链接ID',
  `name` varchar(255) CHARACTER SET utf8mb4 COLLATE utf8mb4_general_ci NOT NULL COMMENT '链接标题',
  `group_id` int(2) NOT NULL DEFAULT 1 COMMENT '分组名称',
  `url` varchar(255) CHARACTER SET utf8mb4 COLLATE utf8mb4_general_ci NOT NULL COMMENT '链接地址',
  `icon` text CHARACTER SET utf8mb4 COLLATE utf8mb4_unicode_ci NULL COMMENT '链接图标',
  `link_desc` varchar(255) CHARACTER SET utf8mb4 COLLATE utf8mb4_general_ci NULL DEFAULT NULL COMMENT '链接描述',
  `link_order` int(4) NULL DEFAULT 10 COMMENT '链接排序',
  `link_status` int(1) NOT NULL DEFAULT 1 COMMENT '链接状态',
  `link_pwd` int(2) NULL DEFAULT 0 COMMENT '加密组ID',
  PRIMARY KEY (`id`) USING BTREE,
  INDEX `组`(`group_id`) USING BTREE
) ENGINE = InnoDB AUTO_INCREMENT = 126 CHARACTER SET = utf8mb4 COLLATE = utf8mb4_general_ci ROW_FORMAT = COMPACT;

-- ----------------------------
-- Records of lylme_links
-- ----------------------------
INSERT INTO `lylme_links` VALUES (2, '腾讯视频', 6, 'https://v.qq.com', '<svg class=\"icon\" aria-hidden=\"true\"><use xlink:href=\"#icon-tengxunshipin\"></use></svg>', NULL, 0, 1, 0);
INSERT INTO `lylme_links` VALUES (3, '优酷', 6, 'https://www.youku.com/', '<svg class=\"icon\" aria-hidden=\"true\"><use xlink:href=\"#icon-youku\"></use></svg>', NULL, 13, 0, 0);
INSERT INTO `lylme_links` VALUES (4, '爱奇艺', 6, 'https://www.iqiyi.com/', '<svg class=\"icon\" aria-hidden=\"true\"><use xlink:href=\"#icon-aiqiyi\"></use></svg>', NULL, 12, 0, 0);
INSERT INTO `lylme_links` VALUES (6, '哔哩哔哩', 6, 'https://www.bilibili.com/', '<svg class=\"icon\" aria-hidden=\"true\"><use xlink:href=\"#icon-bili\"></use></svg>', NULL, 1, 1, 0);
INSERT INTO `lylme_links` VALUES (7, '微博', 8, 'https://www.weibo.com/', '<svg class=\"icon\" aria-hidden=\"true\"><use xlink:href=\"#icon-weibo\"></use></svg>', NULL, 10, 0, 0);
INSERT INTO `lylme_links` VALUES (9, '百度贴吧', 8, 'https://tieba.baidu.com/', '<svg class=\"icon\" aria-hidden=\"true\"><use xlink:href=\"#icon-tieba00\"></use></svg>', NULL, 10, 1, 0);
INSERT INTO `lylme_links` VALUES (10, 'CCTV直播', 6, 'https://tv.cctv.com/live/index.shtml', '<svg class=\"icon\" aria-hidden=\"true\"><use xlink:href=\"#icon-cctv\"></use></svg>', NULL, 11, 0, 0);
INSERT INTO `lylme_links` VALUES (11, '抖音', 6, 'https://www.douyin.com/', '<svg class=\"icon\" aria-hidden=\"true\"><use xlink:href=\"#icon-douyin00\"></use></svg>', NULL, 2, 1, 0);
INSERT INTO `lylme_links` VALUES (13, '网易云音乐', 6, 'https://music.163.com/', '<svg class=\"icon\" aria-hidden=\"true\"><use xlink:href=\"#icon-wyyyy00\"></use></svg>', NULL, 10, 0, 0);
INSERT INTO `lylme_links` VALUES (14, 'QQ音乐', 6, 'https://y.qq.com/', '<svg class=\"icon\" aria-hidden=\"true\"><use xlink:href=\"#icon-qqmusic00\"></use></svg>', NULL, 9, 0, 0);
INSERT INTO `lylme_links` VALUES (16, '虎牙直播', 1, 'https://www.huya.com/', '<svg class=\"icon\" aria-hidden=\"true\"><use xlink:href=\"#icon-huya00\"></use></svg>', NULL, 3, 1, 0);
INSERT INTO `lylme_links` VALUES (17, '斗鱼直播', 6, 'https://www.douyu.com/', '<svg class=\"icon\" aria-hidden=\"true\"><use xlink:href=\"#icon-douyu00\"></use></svg>', NULL, 3, 1, 0);
INSERT INTO `lylme_links` VALUES (18, '企鹅电竞', 6, 'https://egame.qq.com/', '<svg class=\"icon\" aria-hidden=\"true\"><use xlink:href=\"#icon-qie00\"></use></svg>', NULL, 8, 0, 0);
INSERT INTO `lylme_links` VALUES (21, 'Office模板', 9, 'https://www.officeplus.cn/', '<svg class=\"icon\" aria-hidden=\"true\"><use xlink:href=\"#icon-office00\"></use></svg>', NULL, 10, 1, 0);
INSERT INTO `lylme_links` VALUES (22, '搞定设计', 4, 'https://www.gaoding.com/', '<svg class=\"icon\" aria-hidden=\"true\"><use xlink:href=\"#icon-gaoding00\"></use></svg>', NULL, 10, 1, 0);
INSERT INTO `lylme_links` VALUES (24, '千库网', 2, 'https://588ku.com/', '<svg class=\"icon\" aria-hidden=\"true\"><use xlink:href=\"#icon-qianku00\"></use></svg>', NULL, 10, 1, 0);
INSERT INTO `lylme_links` VALUES (25, '图怪兽', 2, 'https://818ps.com', '<svg class=\"icon\" aria-hidden=\"true\"><use xlink:href=\"#icon-tu00\"></use></svg>', NULL, 10, 1, 0);
INSERT INTO `lylme_links` VALUES (26, '站酷', 2, 'https://www.zcool.com.cn/', '<svg class=\"icon\" aria-hidden=\"true\"><use xlink:href=\"#icon-zhanku\"></use></svg>', NULL, 10, 1, 0);
INSERT INTO `lylme_links` VALUES (27, '阿里图标', 2, 'https://www.iconfont.cn/', '<svg class=\"icon\" aria-hidden=\"true\"><use xlink:href=\"#icon-iconfont\"></use></svg>', NULL, 10, 1, 0);
INSERT INTO `lylme_links` VALUES (28, 'IconFinder', 2, 'https://www.iconfinder.com/', '<svg class=\"icon\" aria-hidden=\"true\"><use xlink:href=\"#icon-eye\"></use></svg>', NULL, 10, 1, 0);
INSERT INTO `lylme_links` VALUES (29, '优设教程', 2, 'https://uiiiuiii.com/', '<svg class=\"icon\" aria-hidden=\"true\"><use xlink:href=\"#icon-jiaocheng\"></use></svg>', NULL, 10, 1, 0);
INSERT INTO `lylme_links` VALUES (30, '知乎', 8, 'https://www.zhihu.com/explore', '<svg class=\"icon\" aria-hidden=\"true\"><use xlink:href=\"#icon-zhihu\"></use></svg>', NULL, 10, 1, 0);
INSERT INTO `lylme_links` VALUES (31, '豆瓣', 8, 'https://www.douban.com/', '<svg class=\"icon\" aria-hidden=\"true\"><use xlink:href=\"#icon-douban\"></use></svg>', NULL, 10, 1, 0);
INSERT INTO `lylme_links` VALUES (32, '简书', 8, 'https://www.jianshu.com/', '<svg class=\"icon\" aria-hidden=\"true\"><use xlink:href=\"#icon-jianshu\"></use></svg>', NULL, 10, 1, 0);
INSERT INTO `lylme_links` VALUES (33, '阿里云盘', 12, 'https://www.aliyundrive.com/', '<svg class=\"icon\" aria-hidden=\"true\"><use xlink:href=\"#icon-alipan00\"></use></svg>', NULL, 6, 1, 0);
INSERT INTO `lylme_links` VALUES (34, '百度网盘', 12, 'https://pan.baidu.com/', '<svg class=\"icon\" aria-hidden=\"true\"><use xlink:href=\"#icon-baidupan00\"></use></svg>', NULL, 7, 1, 0);
INSERT INTO `lylme_links` VALUES (35, '蓝奏云', 12, 'https://www.lanzou.com/', '<svg class=\"icon\" aria-hidden=\"true\"><use xlink:href=\"#icon-lanzou00\"></use></svg>', NULL, 8, 1, 0);
INSERT INTO `lylme_links` VALUES (36, '迅雷云盘', 12, 'https://pan.xunlei.com/', '<svg class=\"icon\" aria-hidden=\"true\"><use xlink:href=\"#icon-xunleipan00\"></use></svg>', NULL, 9, 1, 0);
INSERT INTO `lylme_links` VALUES (37, 'OneDrive', 12, 'https://onedrive.live.com/', '<svg class=\"icon\" aria-hidden=\"true\"><use xlink:href=\"#icon-OneDrive00\"></use></svg>', NULL, 10, 0, 0);
INSERT INTO `lylme_links` VALUES (38, '天翼云盘', 12, 'https://cloud.189.cn/', '<svg class=\"icon\" aria-hidden=\"true\"><use xlink:href=\"#icon-tianyipan00\"></use></svg>', NULL, 11, 0, 0);
INSERT INTO `lylme_links` VALUES (39, 'UC网盘', 12, 'https://www.yun.cn/', '<svg class=\"icon\" aria-hidden=\"true\"><use xlink:href=\"#icon-yunpan\"></use></svg>', NULL, 12, 0, 0);
INSERT INTO `lylme_links` VALUES (41, 'Gmail', 1, 'https://mail.google.com/', '<svg class=\"icon\" aria-hidden=\"true\"><use xlink:href=\"#icon-gmail\"></use></svg>', NULL, 0, 1, 0);
INSERT INTO `lylme_links` VALUES (46, '在线工具', 4, 'https://tool.lu/', '<svg class=\"icon\" aria-hidden=\"true\"><use xlink:href=\"#icon-ai-tool\"></use></svg>', NULL, 2, 1, 0);
INSERT INTO `lylme_links` VALUES (48, '文档在线转换', 4, 'https://xpdf.net/', '<svg class=\"icon\" aria-hidden=\"true\"><use xlink:href=\"#icon-docto\"></use></svg>', NULL, 4, 1, 0);
INSERT INTO `lylme_links` VALUES (49, '<font color=\"#000000\">谷歌翻译</font>', 1, 'https://translate.google.com/?hl=zh-CN', '<svg class=\"icon\" aria-hidden=\"true\"><use xlink:href=\"#icon-fanyi\"></use></svg>', NULL, 2, 1, 0);
INSERT INTO `lylme_links` VALUES (54, 'oschina', 4, 'https://tool.oschina.net/', '<svg t=\"1723791642690\" class=\"icon\" viewBox=\"0 0 1024 1024\" version=\"1.1\" xmlns=\"http://www.w3.org/2000/svg\" p-id=\"8514\" width=\"200\" height=\"200\"><path d=\"M518.4 691.2c-99.2 0-182.4-64-185.6-185.6-6.4-112 92.8-188.8 188.8-192 108.8-3.2 176 121.6 176 121.6l281.6-102.4S864 32 547.2 32C252.8 35.2 48 236.8 48 512c0 243.2 192 489.6 489.6 476.8C867.2 976 979.2 688 979.2 688L688 592c3.2 3.2-57.6 99.2-169.6 99.2\" fill=\"#3DAB53\" p-id=\"8515\"></path></svg>', NULL, 0, 1, 0);
INSERT INTO `lylme_links` VALUES (56, '站长工具', 4, 'http://tool.chinaz.com/', '<svg class=\"icon\" aria-hidden=\"true\"><use xlink:href=\"#icon-zhanzhang00\"></use></svg>', NULL, 1, 1, 0);
INSERT INTO `lylme_links` VALUES (59, '在线PS', 4, 'https://www.photopea.com/', '<svg class=\"icon\" aria-hidden=\"true\"><use xlink:href=\"#icon-ps00\"></use></svg>', NULL, 9, 1, 0);
INSERT INTO `lylme_links` VALUES (60, 'W3school', 5, 'http://www.w3school.com.cn/', '<svg class=\"icon\" aria-hidden=\"true\"><use xlink:href=\"#icon-h5\"></use></svg>', NULL, 3, 1, 0);
INSERT INTO `lylme_links` VALUES (61, 'Github', 5, 'https://github.com/', '<svg class=\"icon\" aria-hidden=\"true\"><use xlink:href=\"#icon-github\"></use></svg>', NULL, 1, 1, 0);
INSERT INTO `lylme_links` VALUES (62, 'Gitee', 5, 'https://gitee.com/', '<svg class=\"icon\" aria-hidden=\"true\"><use xlink:href=\"#icon-gitee00\"></use></svg>', NULL, 2, 1, 0);
INSERT INTO `lylme_links` VALUES (63, 'Linux命令查询', 5, 'https://linux.lylme.com/', '<svg class=\"icon\" aria-hidden=\"true\"><use xlink:href=\"#icon-linux\"></use></svg>', NULL, 4, 1, 0);
INSERT INTO `lylme_links` VALUES (64, 'CSDN', 8, 'https://www.csdn.net/', '<svg class=\"icon\" aria-hidden=\"true\"><use xlink:href=\"#icon-csdn\"></use></svg>', NULL, 5, 1, 0);
INSERT INTO `lylme_links` VALUES (65, 'CdnJs', 11, 'https://cdnjs.com/', '<svg class=\"icon\" aria-hidden=\"true\"><use xlink:href=\"#icon-cdnjs\"></use></svg>', NULL, 6, 1, 0);
INSERT INTO `lylme_links` VALUES (66, '字节跳动CDN', 11, 'https://cdn.bytedance.com/', '<svg class=\"icon\" aria-hidden=\"true\"><use xlink:href=\"#icon-zjtd00\"></use></svg>', NULL, 7, 1, 0);
INSERT INTO `lylme_links` VALUES (67, 'Font Awesome', 11, 'https://fontawesome.com/icons?https://fontawesome.com/', '<svg class=\"icon\" aria-hidden=\"true\"><use xlink:href=\"#icon-font-awesome\"></use></svg>', NULL, 8, 1, 0);
INSERT INTO `lylme_links` VALUES (69, '腾讯云', 12, 'https://cloud.tencent.com/', '<svg class=\"icon\" aria-hidden=\"true\"><use xlink:href=\"#icon-qcloud00\"></use></svg>', NULL, 4, 1, 0);
INSERT INTO `lylme_links` VALUES (70, '阿里云', 12, 'https://www.aliyun.com/', '<svg class=\"icon\" aria-hidden=\"true\"><use xlink:href=\"#icon-alicloud00\"></use></svg>', NULL, 5, 1, 0);
INSERT INTO `lylme_links` VALUES (75, 'STEAM', 6, 'https://store.steampowered.com/', '<svg class=\"icon\" aria-hidden=\"true\"><use xlink:href=\"#icon-steam00\"></use></svg>', NULL, 4, 1, 0);
INSERT INTO `lylme_links` VALUES (77, '3DM GAME', 6, 'https://www.3dmgame.com/', '<svg class=\"icon\" aria-hidden=\"true\"><use xlink:href=\"#icon-games00\"></use></svg>', NULL, 5, 1, 0);
INSERT INTO `lylme_links` VALUES (82, 'ChatGPT', 1, 'https://chatgpt.com/', '<svg t=\"1723790749019\" class=\"icon\" viewBox=\"0 0 1024 1024\" version=\"1.1\" xmlns=\"http://www.w3.org/2000/svg\" p-id=\"6468\" width=\"200\" height=\"200\"><path d=\"M475.52 26.88a252.032 252.032 0 0 1 176.128 71.872l3.456 3.648 7.552-1.344 8.768-1.088 8.832-0.768 17.728-0.64c90.24 0 173.568 47.68 218.432 124.8a244.032 244.032 0 0 1 26.048 187.264l-1.6 5.312 3.392 3.968c32.32 40 51.392 88.832 54.592 139.904l0.448 15.36c0 43.904-11.712 87.04-33.92 124.8-17.664 30.528-41.6 56.96-70.4 77.504a250.752 250.752 0 0 1-81.6 38.464l-4.864 1.152-0.896 2.56a251.84 251.84 0 0 1-222.464 159.936l-15.104 0.32a252.096 252.096 0 0 1-176.128-71.872l-3.392-3.584-5.824 1.024a255.168 255.168 0 0 1-109.76-7.872l-15.04-4.992-14.784-5.952a250.88 250.88 0 0 1-115.968-103.232 244.096 244.096 0 0 1-26.048-187.264l1.6-5.312-3.392-3.968a247.232 247.232 0 0 1-54.528-139.904l-0.512-15.36c0-43.904 11.776-87.04 34.048-124.928 17.6-30.464 41.6-56.896 70.4-77.44a250.816 250.816 0 0 1 81.536-38.464l4.8-1.28 1.024-2.56A251.904 251.904 0 0 1 460.48 27.264L475.584 26.88z m208.064 473.792v227.328a47.104 47.104 0 0 1-24.128 41.216l-166.144 94.592 8.256 4.48c17.92 8.768 37.44 14.208 57.6 15.744l12.16 0.448c86.592-0.192 156.544-69.184 156.608-154.24l0.128-204.224-44.48-25.344z m-77.824 138.88L406.272 753.28a48.192 48.192 0 0 1-48 0.064L191.36 658.304c0 22.72 5.12 44.928 14.72 65.216l6.272 11.904c13.696 23.424 33.472 42.88 57.28 56.448a158.528 158.528 0 0 0 156.736 0.064l179.328-102.08v-50.304z m39.488-300.288l-44.16 25.152 199.04 113.344c5.504 3.136 10.24 7.232 14.08 12.16l3.584 5.184a47.168 47.168 0 0 1 6.464 23.808l-0.064 189.952 6.848-3.968a154.048 154.048 0 0 0 71.424-118.4l0.448-11.328c0-27.072-7.232-53.632-20.928-77.056a155.52 155.52 0 0 0-57.28-56.512l-179.456-102.4z m-423.936-41.408l-8.512 5.12a152.832 152.832 0 0 0 8.128 262.016l179.328 102.4 44.224-25.152-198.912-113.28a47.68 47.68 0 0 1-14.208-12.16l-3.52-5.184a47.104 47.104 0 0 1-6.528-23.936V297.856zM522.816 408.96l-83.008 47.296V550.4l83.008 47.232L605.76 550.4V456.256L522.816 408.96z m-48.64-286.72c-86.528 0-156.608 69.12-156.672 154.176L317.44 480.64l44.48 25.344 0.192-227.2c0-6.272 1.28-12.48 3.712-18.304l2.816-5.568a47.488 47.488 0 0 1 17.6-17.28l166.016-94.72-8.128-4.352a158.528 158.528 0 0 0-57.792-15.808l-12.16-0.448z m223.36 71.872c-27.52 0-54.464 7.104-78.272 20.672L439.872 316.736v50.304l199.552-113.664a48.192 48.192 0 0 1 17.728-6.016l6.336-0.384c8.448 0 16.704 2.24 23.936 6.4l166.656 94.976-0.256-10.048c-5.12-77.056-67.648-138.816-145.92-143.808l-10.368-0.32z\" p-id=\"6469\"></path></svg>', 'ChatGPT', 1, 1, 0);
INSERT INTO `lylme_links` VALUES (83, 'Coding', 5, 'https://liouy.coding.net/user/projects', '<svg t=\"1723790821652\" class=\"icon\" viewBox=\"0 0 1362 1024\" version=\"1.1\" xmlns=\"http://www.w3.org/2000/svg\" p-id=\"7536\" width=\"200\" height=\"200\"><path d=\"M396.699 596.955c0 0 0 0 0 0 0 14.475 9.773 26.211 21.827 26.211 12.057 0 21.827-11.737 21.827-26.211 0 0 0 0 0 0 0 0 0 0 0 0 0-14.475-9.773-26.211-21.827-26.211-12.057 0-21.827 11.737-21.827 26.211s0 0 0 0z\" fill=\"#000000\" p-id=\"7537\"></path><path d=\"M915.141 596.955c0 0 0 0 0 0 0 14.475 9.773 26.211 21.827 26.211 12.057 0 21.827-11.737 21.827-26.211 0 0 0 0 0 0 0 0 0 0 0 0 0-14.475-9.773-26.211-21.827-26.211-12.057 0-21.827 11.737-21.827 26.211s0 0 0 0z\" fill=\"#000000\" p-id=\"7538\"></path><path d=\"M1251.226 428.593c-35.806 0-67.188 22.704-84.729 56.775-59.689-129.436-183.865-249.357-337.327-298.738-82.806-33.039-140.954-96.454-148.142-170.567-7.187 74.114-65.335 137.527-148.142 170.567-153.462 49.385-277.639 169.299-337.327 298.738-17.541-34.070-48.923-56.775-84.729-56.775-54.99 0-99.567 53.524-99.567 119.562 0 66.030 44.576 119.562 99.567 119.562 16.724 0 32.475-4.972 46.313-13.726 4.735 214.402 237.349 353.577 523.893 353.951 286.535-0.371 519.157-139.542 523.893-353.951 13.839 8.753 29.593 13.726 46.313 13.726 54.99 0 99.567-53.524 99.567-119.562-0.007-66.030-44.593-119.562-99.578-119.562zM156.086 585.521c-4.658 17.214-25.392 24.543-46.313 16.384s-34.105-28.731-29.444-45.945c4.658-17.214 25.392-24.543 46.313-16.384s34.105 28.737 29.444 45.945zM681.023 948.257c-229.82-0.356-415.935-108.67-415.935-263.725 0-3.247 0.119-6.465 0.274-9.678 0.053-1.056 0.108-2.114 0.18-3.171 0.142-2.191 0.339-4.37 0.558-6.549 0.292-2.918 0.638-5.826 1.062-8.719 0.042-0.287 0.076-0.575 0.119-0.858 4.626-30.474 16.471-76.976 34.358-103.783 42.977-62.164 119.634-103.578 207.083-103.578 67.324 0 128.206 24.588 172.301 64.238 44.094-39.651 104.974-64.238 172.301-64.238 87.453 0 164.108 41.42 207.083 103.578 17.889 26.801 29.734 73.307 34.358 103.783 0.042 0.287 0.076 0.575 0.119 0.858 0.429 2.892 0.771 5.804 1.062 8.719 0.215 2.179 0.411 4.352 0.558 6.549 0.071 1.056 0.125 2.114 0.18 3.171 0.157 3.211 0.274 6.43 0.274 9.678 0 155.051-186.117 263.359-415.935 263.725zM1252.272 601.902c-20.921 8.16-41.658 0.831-46.313-16.384s8.527-37.781 29.444-45.945c20.921-8.16 41.658-0.831 46.313 16.384 4.658 17.214-8.527 37.781-29.444 45.945z\" fill=\"#000000\" p-id=\"7539\"></path></svg>', 'https://e.coding.net/login', 0, 1, 0);
INSERT INTO `lylme_links` VALUES (84, '语雀', 1, 'https://www.yuque.com/dashboard', '<svg t=\"1723790708941\" class=\"icon\" viewBox=\"0 0 1121 1024\" version=\"1.1\" xmlns=\"http://www.w3.org/2000/svg\" p-id=\"4293\" width=\"200\" height=\"200\"><path d=\"M1108.01815019 152.23370838l-89.72681904-4.89068759S984.35530601 25.85425236 828.60518734 14.95438794C672.85605155 4.05747208 570.94772487 10.89912728 570.94772487 10.89912728s115.53266578 75.04689342 69.23232192 208.96190045c-34.40189852 72.22708179-88.82848936 131.24065795-146.85822745 199.06356549l-383.7165077 446.83547013c357.19612521-5.34378385 567.78465104-8.01715006 631.76852607-8.01715006 179.43398097 0 331.07773051-158.77731274 324.87296549-335.43767627-4.26657452-121.41308858-42.14974625-148.84556072-55.1715951-202.01999401-13.01693457-53.17541615 13.04248882-137.97419909 96.94294209-168.05153463z\" fill=\"#31CC79\" p-id=\"4294\"></path><path d=\"M491.75514811 420.36840754C303.9413435 636.79804197 8.77812571 981.15119797 8.77812571 981.15119797c531.00326003 142.20833939 775.65656505-202.93110079 813.9672788-322.41582742 51.36204825-160.1985214-21.21001572-238.36892872-62.2835355-263.86222751-139.26272229-86.43818547-242.58930905-4.60369387-268.7067209 25.49329879z\" fill=\"#93E65C\" p-id=\"4295\"></path><path d=\"M494.36266302 415.3735373c29.79329038-32.14919435 131.07848684-106.92875115 266.17881727-22.74130417 41.07745119 25.59355001 113.65344659 104.07945386 62.28746691 264.931574-14.88042808 46.60502898-60.9026239 127.39474547-142.75284119 200.40712857-84.8744628 0.58283314-275.36654789 3.09009681-571.48510096 7.53161958L474.61218731 438.31730962a8405.73366256 8405.73366256 0 0 1 18.93470588-22.06215119z\" fill=\"#60DB69\" p-id=\"4296\"></path></svg>', '语雀', 0, 1, 0);
INSERT INTO `lylme_links` VALUES (85, '阿里云控制台', 12, 'https://swasnext.console.aliyun.com/servers/cn-shenzhen', '<svg t=\"1723794487554\" class=\"icon\" viewBox=\"0 0 1024 1024\" version=\"1.1\" xmlns=\"http://www.w3.org/2000/svg\" p-id=\"16456\" width=\"200\" height=\"200\"><path d=\"M512 64a448 448 0 1 1 0 896A448 448 0 0 1 512 64z\" fill=\"#FF6A00\" p-id=\"16457\"></path><path d=\"M324.8 602.624a26.752 26.752 0 0 1-21.312-25.92v-142.72a27.712 27.712 0 0 1 21.376-25.984l132.416-28.672 13.952-56.896H317.312a97.6 97.6 0 0 0-98.24 96.96v169.344c0.384 54.08 44.16 97.856 98.24 98.176h153.92l-13.888-56.512-132.544-27.776zM710.4 322.432c54.016 0.128 97.92 43.584 98.56 97.6v170.176a98.368 98.368 0 0 1-98.56 98.048H555.328l14.08-56.832 132.608-28.736a27.84 27.84 0 0 0 21.376-25.92v-142.72a26.88 26.88 0 0 0-21.376-25.984l-132.544-28.8-14.08-56.832zM570.368 497.92v13.952H457.28v-13.952h113.088z\" fill=\"#FFFFFF\" p-id=\"16458\"></path></svg>', 'https://swasnext.console.aliyun.com/servers/cn-shenzhen', 0, 1, 0);
INSERT INTO `lylme_links` VALUES (86, 'minio控制台', 12, 'http://8.135.236.210:9001/settings/event-destinations', '<svg t=\"1723794411735\" class=\"icon\" viewBox=\"0 0 1024 1024\" version=\"1.1\" xmlns=\"http://www.w3.org/2000/svg\" p-id=\"12778\" width=\"200\" height=\"200\"><path d=\"M0 0m170.666667 0l682.666666 0q170.666667 0 170.666667 170.666667l0 682.666666q0 170.666667-170.666667 170.666667l-682.666666 0q-170.666667 0-170.666667-170.666667l0-682.666666q0-170.666667 170.666667-170.666667Z\" fill=\"#B8294A\" p-id=\"12779\"></path><path d=\"M849.045333 448.426667c17.642667 1.066667 34.816 4.309333 50.922667 11.861333 12.586667 5.930667 23.616 13.952 30.677333 26.282667 12.650667 22.101333 7.317333 49.216-12.586666 65.408-16.490667 13.44-35.989333 19.221333-56.576 21.952-8.213333 1.066667-16.576 1.216-24.853334 1.792-24.576-0.213333-48.362667-3.818667-70.037333-16.064-18.176-10.24-30.101333-25.066667-30.464-46.890667-0.405333-23.338667 12.330667-38.976 31.701333-49.493333 25.322667-13.717333 52.906667-16.533333 81.216-14.826667zM85.333333 459.882667c7.104-10.986667 11.946667-12.288 23.786667-5.994667 29.845333 15.872 59.690667 31.744 89.408 47.829333 4.544 2.474667 8.170667 2.602667 12.8 0.064a6657.152 6657.152 0 0 1 89.856-48.149333c3.84-2.005333 8.746667-3.029333 13.056-2.730667 5.76 0.426667 9.536 5.290667 9.557333 11.157334 0.085333 36.245333 0 72.490667-0.021333 108.736 0 0.512-0.256 1.024-0.512 1.962666H277.12c-0.128-2.133333-0.32-4.138667-0.32-6.122666-0.042667-14.058667 0-28.096-0.021333-42.154667 0-9.493333-2.432-10.965333-11.008-6.570667-16.768 8.597333-33.642667 17.024-50.24 25.92-8.469333 4.565333-16.170667 4.565333-24.576-0.213333-15.573333-8.853333-31.445333-17.173333-47.232-25.664-7.914667-4.266667-10.88-2.56-10.88 6.314667l-0.021334 42.154666v6.72H85.333333z m383.296-7.36c39.36 18.346667 78.72 36.736 118.037334 55.104 1.344 0.64 2.688 1.28 4.053333 1.813333 6.144 2.432 8.810667 0.682667 8.832-5.845333 0.042667-15.722667 0-31.445333 0-47.168v-5.888h48.064v7.125333c0 33.301333 0.064 66.602667 0.042667 99.925333 0 13.141333-9.216 19.029333-21.269334 13.44-40.042667-18.645333-80.064-37.333333-120.064-56.042666-8.618667-4.053333-11.52-2.346667-11.52 7.061333v50.752h-47.338666v-5.930667l0.042666-101.013333c0-13.376 8.874667-19.029333 21.12-13.333333z m-59.690666-2.133334v122.410667h-46.144v-122.389333h46.144z m297.578666 0.085334v122.325333h-20.266666v-122.325333h20.266666z m134.890667 13.504l-5.909333 0.042666a119.552 119.552 0 0 0-40.149334 5.717334c-13.866667 4.48-25.770667 11.690667-32.746666 24.768-10.389333 19.562667-1.493333 42.794667 20.053333 54.08 14.229333 7.424 29.546667 10.304 45.397333 10.944 22.016 0.853333 43.626667-0.682667 63.445334-11.626667 13.568-7.509333 22.656-18.133333 23.296-34.474667 0.746667-18.197333-8.981333-29.952-23.872-38.058666-13.568-7.424-28.202667-10.496-43.669334-11.221334l-5.845333-0.170666z\" fill=\"#FFFFFF\" p-id=\"12780\"></path></svg>', 'http://8.135.236.210:9001/settings/event-destinations', 3, 1, 0);
INSERT INTO `lylme_links` VALUES (87, '南晶机械官网', 12, 'http://8.135.236.210:9104/#/index', '<svg t=\"1723793289746\" class=\"icon\" viewBox=\"0 0 1024 1024\" version=\"1.1\" xmlns=\"http://www.w3.org/2000/svg\" p-id=\"9570\" width=\"200\" height=\"200\"><path d=\"M912 912H112v-55h68V132a20 20 0 0 1 20-20h389a20 20 0 0 1 20 20v290h215a20 20 0 0 1 20 20v415h68v55zM507 213a20 20 0 0 0-20-20H302a20 20 0 0 0-20 20v42a20 20 0 0 0 20 20h185a20 20 0 0 0 20-20v-42z m0 188a20 20 0 0 0-20-20H302a20 20 0 0 0-20 20v42a20 20 0 0 0 20 20h185a20 20 0 0 0 20-20v-42z m0 188a20 20 0 0 0-20-20H302a20 20 0 0 0-20 20v42a20 20 0 0 0 20 20h185a20 20 0 0 0 20-20v-42z m0 179a20 20 0 0 0-20-20H302a20 20 0 0 0-20 20v42a20 20 0 0 0 20 20h185a20 20 0 0 0 20-20v-42z m285-264a20 20 0 0 0-20-20H633a20 20 0 0 0-20 20v16a20 20 0 0 0 20 20h139a20 20 0 0 0 20-20v-16z m0 130a20 20 0 0 0-20-20H633a20 20 0 0 0-20 20v16a20 20 0 0 0 20 20h139a20 20 0 0 0 20-20v-16z m0 147a20 20 0 0 0-20-20H633a20 20 0 0 0-20 20v16a20 20 0 0 0 20 20h139a20 20 0 0 0 20-20v-16z\" fill=\"#49D2FE\" p-id=\"9571\"></path></svg>', '南晶机械官网', 2, 1, 0);
INSERT INTO `lylme_links` VALUES (88, '宝塔面板', 12, 'http://8.135.236.210:8888/', '<svg t=\"1723793338024\" class=\"icon\" viewBox=\"0 0 1024 1024\" version=\"1.1\" xmlns=\"http://www.w3.org/2000/svg\" p-id=\"11757\" width=\"200\" height=\"200\"><path d=\"M511.968471 1020.934132c-2.043912-4.087824-2.043912-9.197605-3.065868-14.307385V340.311377c0-7.153693 0-14.307385-1.021956-21.461078 0-1.021956 0-2.043912 2.043912-2.043912s4.087824 0 6.131737 1.021956c21.461078 6.131737 41.9002 12.263473 63.361277 17.373254 5.10978 1.021956 7.153693 4.087824 6.131737 9.197605v49.053892c0 6.131737 2.043912 9.197605 8.175648 10.219561 13.285429 3.065868 26.570858 7.153693 39.856288 9.197604h1.021956c5.10978-2.043912 8.175649 1.021956 12.263473 3.065869h1.021956c9.197605 0 1.021956-4.087824 3.065868-6.131737-1.021956-14.307385 0-27.592814 0-41.900199 0-3.065868 0-7.153693 3.065869-9.197605h2.043912c21.461078 6.131737 41.9002 12.263473 63.361277 18.395209 4.087824 1.021956 4.087824 4.087824 4.087825 7.153693v48.031936c0 5.10978 1.021956 8.175649 6.131736 9.197605 12.263473 3.065868 25.548902 6.131737 37.812375 10.219561h1.021956c6.131737-2.043912 11.241517 3.065868 17.373254 2.043912 1.021956 0 2.043912-1.021956 2.043912-2.043912 2.043912-7.153693 0-14.307385 1.021956-21.461078 1.021956-9.197605 0-18.39521 0-26.570858v-2.043912c0-3.065868 1.021956-2.043912 3.065868-2.043913 20.439122 6.131737 41.9002 12.263473 62.339322 18.39521 5.10978 2.043912 4.087824 5.10978 4.087824 9.197605 0 52.11976 1.021956 104.239521 1.021956 156.359281 0 64.383234 0 128.766467 1.021956 193.149701 0 7.153693-2.043912 15.329341-5.10978 21.461078-17.373253 33.724551-40.878244 61.317365-69.493014 86.866267-51.097804 45.988024-110.371257 77.668663-173.732535 104.239521-29.636727 12.263473-59.273453 20.439122-88.91018 31.680639-2.043912 1.021956-3.065868 1.021956-3.065868 1.021956h-1.021956c-2.043912 1.021956-4.087824 2.043912-6.131737 2.043912\" fill=\"#20A43A\" p-id=\"11758\"></path><path d=\"M507.880647 317.828343c2.043912 0 4.087824 2.043912 4.087824 4.087825v701.061876l-2.043912-1.021956s-40.878244-13.285429-61.317365-20.439122c-70.51497-25.548902-136.942116-57.229541-194.171657-105.261477-32.702595-26.570858-60.295409-56.207585-80.734531-92.998004-6.131737-10.219561-9.197605-22.483034-9.197605-33.724551 1.021956-114.459082 1.021956-228.918164 1.021957-343.377245 0-7.153693 2.043912-9.197605 8.175648-11.241517 20.439122-5.10978 39.856287-11.241517 60.295409-17.373254 3.065868 3.065868 2.043912 7.153693 2.043913 10.219561v33.724551c0 8.175649 1.021956 9.197605 9.197604 7.153693 3.065868-1.021956 6.131737-1.021956 9.197605 0 13.285429-3.065868 26.570858-7.153693 40.878244-10.219561 5.10978-1.021956 5.10978-4.087824 5.10978-8.175649v-49.053892c0-3.065868 0-6.131737 4.087824-7.153693l64.383234-18.395209c3.065868 3.065868 2.043912 7.153693 2.043912 11.241517 0 14.307385-1.021956 28.61477 1.021956 43.944111 5.10978 4.087824 9.197605-1.021956 14.307386-1.021956 2.043912-1.021956 4.087824 0 7.153692 0 12.263473-3.065868 24.526946-7.153693 36.790419-10.219561 6.131737-1.021956 8.175649-4.087824 8.175649-10.219561-1.021956-16.351297 0-32.702595 0-50.075848 0-3.065868 0-6.131737 4.087824-7.153692 21.461078-3.065868 43.944112-9.197605 65.40519-14.307386z\" fill=\"#18842D\" p-id=\"11759\"></path><path d=\"M511.968471 159.42515c10.219561 1.021956 17.373253 5.10978 18.39521 16.351297 1.021956 9.197605 2.043912 21.461078 8.175649 27.592814 6.131737 6.131737 18.39521 6.131737 27.592814 9.197605 115.481038 32.702595 230.962076 65.40519 346.443114 97.085829 6.131737 2.043912 10.219561 2.043912 15.329341-3.065869l1.021956-1.021956c16.351297-16.351297 34.746507-21.461078 57.229541-12.263473 1.021956 2.043912-2.043912 3.065868-3.065868 5.109781-18.39521 24.526946-36.790419 48.031936-55.185629 72.558882-3.065868 5.10978-6.131737 6.131737-12.263473 4.087824-131.832335-38.834331-264.686627-76.646707-396.518962-114.459082-4.087824-1.021956-8.175649-2.043912-13.285429-1.021956 3.065868-10.219561 2.043912-21.461078 2.043912-31.680638v-55.185629c1.021956-6.131737 1.021956-10.219561 4.087824-13.285429z\" fill=\"#20A43A\" p-id=\"11760\"></path><path d=\"M511.968471 159.42515v88.910179c0 5.10978 0 8.175649-5.10978 10.219561-36.790419 10.219561-72.558882 21.461078-108.327345 31.680639-97.085828 27.592814-194.171657 56.207585-290.235529 83.800399-3.065868 1.021956-7.153693 3.065868-10.219561-1.021956-20.439122-26.570858-40.878244-53.141717-62.339322-80.734531l31.680639-4.087824c2.043912 0 3.065868 0 5.109781 1.021956s3.065868 2.043912 4.087824 3.065868c16.351297 17.373253 34.746507 17.373253 57.229541 11.241517 114.459082-33.724551 229.94012-65.40519 344.399201-97.085828 5.10978-2.043912 9.197605-4.087824 10.219561-10.219561 1.021956-7.153693 4.087824-14.307385 5.109781-21.461078 1.021956-11.241517 8.175649-15.329341 18.395209-15.329341z\" fill=\"#18842D\" p-id=\"11761\"></path><path d=\"M511.968471 2.043912c16.351297-1.021956 16.351297-1.021956 19.417166 14.307385 4.087824 19.417166 7.153693 39.856287 11.241517 59.273453 0 4.087824 3.065868 7.153693 7.153693 8.175649 107.305389 32.702595 214.610778 64.383234 321.916167 97.085829 3.065868 1.021956 7.153693 1.021956 9.197605-2.043913l1.021956-1.021956c17.373253-15.329341 36.790419-23.50499 60.295409-12.263473 0 2.043912-3.065868 3.065868-4.087824 4.087825-20.439122 20.439122-41.9002 39.856287-61.317365 60.295409-5.10978 5.10978-9.197605 6.131737-16.351298 4.087824-113.437126-31.680639-227.896208-63.361277-341.333333-95.041916-3.065868-1.021956-6.131737-1.021956-8.175649-2.043912-1.021956-3.065868-2.043912-6.131737-1.021956-8.175649V15.329341c-1.021956-4.087824-2.043912-9.197605 2.043912-13.285429z\" fill=\"#20A43A\" p-id=\"11762\"></path><path d=\"M511.968471 2.043912v125.700599c0 3.065868 0 7.153693-2.043912 10.219561-56.207585 15.329341-111.393214 31.680639-167.600798 47.00998-59.273453 16.351297-118.546906 32.702595-177.82036 50.075848-8.175649 2.043912-12.263473 1.021956-18.395209-5.10978-20.439122-22.483034-41.9002-44.966068-61.317365-66.427146 6.131737-1.021956 16.351297-2.043912 26.570858-4.087824 4.087824-1.021956 7.153693 2.043912 9.197605 4.087824 17.373253 17.373253 34.746507 16.351297 57.229541 9.197605 97.085828-30.658683 196.215569-59.273453 293.301397-88.91018 6.131737-2.043912 9.197605-5.10978 10.219561-11.241517 3.065868-20.439122 8.175649-39.856287 11.241517-60.295409 1.021956-9.197605 4.087824-13.285429 14.307385-11.241517 2.043912 1.021956 3.065868 1.021956 5.10978 1.021956z\" fill=\"#18842D\" p-id=\"11763\"></path><path d=\"M255.457493 450.682635c-5.10978 2.043912-11.241517 4.087824-17.373253 5.10978-5.10978 1.021956-4.087824-4.087824-4.087825-6.131736v-50.075849h1.021957c20.439122 3.065868 20.439122 3.065868 20.439121 23.50499-1.021956 8.175649 0 17.373253 0 27.592815z\" fill=\"#20A43A\" p-id=\"11764\"></path><path d=\"M788.918571 398.562874v3.065869c1.021956 18.39521 1.021956 35.768463 0 54.163672-7.153693-1.021956-14.307385-4.087824-21.461078-5.10978v-38.834332c0-6.131737 2.043912-9.197605 8.175649-10.21956 5.10978-1.021956 9.197605-4.087824 13.285429-3.065869z m-143.073852 17.373254l-12.263473-3.065869v-42.922155c0-6.131737 2.043912-9.197605 8.175648-9.197605 4.087824 0 8.175649-3.065868 13.28543-2.043912-3.065868 7.153693-1.021956 15.329341-2.043913 22.483034v31.680638c1.021956 4.087824 1.021956 5.10978-7.153692 3.065869z\" fill=\"#18852D\" p-id=\"11765\"></path><path d=\"M386.267873 413.892216c2.043912 0 5.10978-1.021956 7.153692-1.021957-5.10978 0-3.065868-4.087824-3.065868-6.131736v-37.812375c0-3.065868 1.021956-6.131737-3.065868-6.131737-6.131737-1.021956-11.241517-4.087824-17.373254-3.065868v51.097804c0 1.021956 0 8.175649 2.043912 9.197605h3.065869c1.021956 0 2.043912 0 3.065868-1.021956\" fill=\"#20A53A\" p-id=\"11766\"></path><path d=\"M788.918571 455.792415v-54.163672c3.065868 2.043912 2.043912 6.131737 2.043912 9.197604 1.021956 14.307385-1.021956 29.636727 1.021956 43.944112 0 1.021956-1.021956 1.021956-1.021956 2.043912 0 0-1.021956-1.021956-2.043912-1.021956z\" fill=\"#24A53E\" p-id=\"11767\"></path></svg>', '宝塔面板', 1, 1, 0);
INSERT INTO `lylme_links` VALUES (89, '推特', 8, 'https://twitter.com/home', '<svg t=\"1723794983224\" class=\"icon\" viewBox=\"0 0 1024 1024\" version=\"1.1\" xmlns=\"http://www.w3.org/2000/svg\" p-id=\"27623\" width=\"200\" height=\"200\"><path d=\"M900.096 887.466667l-300.202667-437.6576 0.512 0.4096L871.082667 136.533333h-90.453334l-220.501333 255.317334L385.024 136.533333H147.797333l280.2688 408.610134-0.034133-0.034134L132.437333 887.466667h90.453334l245.1456-284.0576L662.869333 887.466667h237.226667zM349.184 204.8l421.205333 614.4h-71.68L277.162667 204.8h72.021333z\" p-id=\"27624\"></path></svg>', '推特', 63, 1, 0);
INSERT INTO `lylme_links` VALUES (90, '网页模版', 9, 'http://www.mobanwang.com/', '<svg t=\"1723794636623\" class=\"icon\" viewBox=\"0 0 1024 1024\" version=\"1.1\" xmlns=\"http://www.w3.org/2000/svg\" p-id=\"24677\" width=\"200\" height=\"200\"><path d=\"M960 512c0-12.8-6.4-25.6-19.2-32l-102.4-51.2 102.4-51.2c12.8-6.4 19.2-19.2 19.2-32s-6.4-25.6-19.2-32L524.8 102.4c-6.4-6.4-19.2-6.4-32 0L83.2 320c-12.8 6.4-19.2 19.2-19.2 25.6 0 12.8 6.4 25.6 19.2 32l102.4 51.2-102.4 57.6c-12.8 0-19.2 12.8-19.2 25.6s6.4 25.6 19.2 32l102.4 51.2-102.4 51.2c-12.8 6.4-19.2 19.2-19.2 32s6.4 25.6 19.2 32l416 217.6c6.4 0 12.8 6.4 12.8 6.4 6.4 0 12.8 0 12.8-6.4l416-217.6c12.8-6.4 19.2-19.2 19.2-32s-6.4-25.6-19.2-32l-102.4-51.2 102.4-51.2c12.8-6.4 19.2-19.2 19.2-32zM512 166.4l345.6 179.2L512 531.2 166.4 345.6 512 166.4z m345.6 512L512 857.6l-345.6-179.2 83.2-44.8 243.2 128c6.4 0 12.8 6.4 12.8 6.4 6.4 0 12.8 0 12.8-6.4l243.2-128 96 44.8z m-345.6 12.8L166.4 512l83.2-44.8 243.2 128c6.4 0 12.8 6.4 12.8 6.4 6.4 0 12.8 0 12.8-6.4l243.2-128 96 44.8L512 691.2z\" fill=\"#7D8198\" p-id=\"24678\"></path></svg>', 'http://www.mobanwang.com/', 64, 1, 0);
INSERT INTO `lylme_links` VALUES (91, '站长之家', 8, 'https://www.chinaz.com/', '<svg t=\"1723794915748\" class=\"icon\" viewBox=\"0 0 1024 1024\" version=\"1.1\" xmlns=\"http://www.w3.org/2000/svg\" p-id=\"25707\" width=\"200\" height=\"200\"><path d=\"M50.176 378.368c-12.8-41.984-25.6-83.968-38.4-125.44C230.4 178.176 449.024 103.424 667.136 28.672c-111.104 296.96-222.208 593.408-333.312 890.368L235.52 820.736C315.904 622.08 395.776 423.936 476.16 225.28 334.336 276.48 192 327.168 50.176 378.368z\" fill=\"#F9D325\" p-id=\"25708\"></path><path d=\"M765.952 203.264L678.4 66.56c-107.52 296.96-215.04 593.408-322.048 890.368C578.56 880.64 800.768 803.84 1022.464 727.552c-16.384-41.984-32.768-83.968-49.152-125.44-134.656 47.104-269.312 94.72-403.968 141.824l196.608-540.672z\" fill=\"#2562AD\" p-id=\"25709\"></path></svg>', '站长之家', 65, 1, 0);
INSERT INTO `lylme_links` VALUES (92, 'AI工具', 4, 'https://ai-bot.cn/', '<svg t=\"1723795173843\" class=\"icon\" viewBox=\"0 0 1024 1024\" version=\"1.1\" xmlns=\"http://www.w3.org/2000/svg\" p-id=\"32622\" width=\"200\" height=\"200\"><path d=\"M567.808 954.88q-55.808 27.84-111.616 0l-290.88-144.96q-31.872-15.872-50.56-46.08-18.752-30.272-18.752-65.92V334.912q0-35.584 18.752-65.856 18.688-30.272 50.56-46.08l290.88-145.024q55.808-27.776 111.616 0l290.88 144.96q31.872 15.872 50.56 46.144 18.752 30.272 18.752 65.856v363.136q0 35.584-18.752 65.792-18.688 30.272-50.56 46.144L567.808 954.88z m-28.544-57.28l290.88-144.96q33.856-16.832 33.856-54.656V334.848q0-37.824-33.856-54.72L539.264 135.168q-27.264-13.568-54.528 0L193.92 280.128q-33.856 16.896-33.856 54.72v363.136q0 37.76 33.856 54.656l290.88 144.96q27.264 13.568 54.528 0z\" fill=\"#8C8C8C\" p-id=\"32623\"></path><path d=\"M256 713.792h82.56l33.344-91.904h141.504l33.344 91.904h82.56L482.752 330.24h-80l-2.112 5.504-144.64 378.048z m388.288 0h77.184V330.24h-77.184v383.552z m-142.848-149.76H383.872l3.136-8.512 51.328-142.272 3.2-8.96 0.384-0.832h2.048l0.256 0.832 3.2 8.96 50.944 142.272 3.072 8.576z\" fill=\"#8C8C8C\" p-id=\"32624\"></path></svg>', 'AI工具', 66, 1, 0);
INSERT INTO `lylme_links` VALUES (94, '小白博客', 8, 'https://home.cnxiaobai.com/', '<svg t=\"1723816621664\" class=\"icon\" viewBox=\"0 0 1024 1024\" version=\"1.1\" xmlns=\"http://www.w3.org/2000/svg\" p-id=\"43107\" width=\"200\" height=\"200\"><path d=\"M454.36 578.78H262.19c-26.7 0-50.74 21.69-53.05 51.28-2.61 33.38 20.97 61.37 50.43 61.37h85.07c13.63 0 24.68 12.29 24.68 27.46l-40.95 202.28c0 14.4 10.49 26.07 23.44 26.07H731.9c12.94 0 23.44-11.67 23.44-26.07l-40.95-202.29c0-15.16 11.04-27.44 24.67-27.44h82.45c26.7 0 50.74-21.69 53.05-51.28 2.61-33.38-20.97-61.37-50.43-61.37H623.62\" fill=\"#88D0FC\" p-id=\"43108\"></path><path d=\"M731.9 957.6H351.79c-18.64 0-33.8-16.35-33.8-36.44v-1.04l40.93-202.17c-0.41-8.99-6.66-16.16-14.29-16.16h-85.07c-16.17 0-31.4-6.84-42.89-19.25-12.91-13.96-19.43-33.38-17.87-53.28 2.67-34.12 30.51-60.84 63.39-60.84h192.17v20.73H262.18c-22.13 0-40.89 18.33-42.72 41.73-1.11 14.16 3.42 27.86 12.43 37.59 7.52 8.13 17.34 12.6 27.67 12.6h85.07c19.32 0 35.05 16.97 35.05 37.82v1.04l-40.93 202.16c0.4 8.23 6.1 14.78 13.05 14.78h380.1c6.95 0 12.65-6.55 13.05-14.78l-40.93-202.18v-1.04c0-20.85 15.71-37.81 35.03-37.81h82.45c22.13 0 40.89-18.33 42.72-41.73 1.11-14.16-3.42-27.86-12.42-37.59-7.52-8.13-17.34-12.6-27.67-12.6H623.62v-20.73h200.51c16.17 0 31.4 6.84 42.89 19.25 12.91 13.96 19.43 33.38 17.87 53.28-2.67 34.12-30.51 60.84-63.39 60.84h-82.45c-7.63 0-13.88 7.16-14.28 16.15l40.93 202.18v1.04c0 20.11-15.16 36.45-33.8 36.45z\" fill=\"#6D6DAA\" p-id=\"43109\"></path><path d=\"M294.03 578.78s-82.11-15.15-84.9 51.28c0 0-12.72 63.63 89.03 68.29l-4.13-119.57zM792.46 576.94s82.11-15.15 84.9 51.28c0 0 12.72 63.63-89.03 68.29l4.13-119.57z\" fill=\"#F9E2DC\" p-id=\"43110\"></path><path d=\"M705.4 578.78c0 101.75-72.88 184.23-162.78 184.23s-162.78-82.48-162.78-184.23H705.4z\" fill=\"#FFFFFF\" p-id=\"43111\"></path><path d=\"M542.62 773.38c-46.49 0-90.13-20.41-122.87-57.46-32.42-36.69-50.27-85.39-50.27-137.13v-10.36h346.28v10.36c0 51.74-17.85 100.44-50.27 137.13-32.74 37.05-76.37 57.46-122.87 57.46zM390.48 589.15c4.72 91.06 71.16 163.5 152.15 163.5 80.99 0 147.43-72.44 152.14-163.5H390.48z\" fill=\"#6D6DAA\" p-id=\"43112\"></path><path d=\"M469.22 304.04c-0.3-0.27-0.9-1.17-0.74-2.52 5.29-42.97 36.83-75.38 73.36-75.38s68.07 32.41 73.37 75.38c0.17 1.35-0.44 2.25-0.74 2.52H469.22z\" fill=\"#FEF7BD\" p-id=\"43113\"></path><path d=\"M541.85 236.5c14.84 0 29.32 6.43 40.78 18.11 10.08 10.28 17.27 23.91 20.71 39.06H480.36c3.44-15.15 10.62-28.78 20.71-39.06 11.45-11.67 25.93-18.11 40.78-18.11m0-20.73c-42.56 0-77.77 36.71-83.65 84.48-0.92 7.49 4.29 14.15 10.77 14.15h145.76c6.49 0 11.69-6.66 10.77-14.15-5.88-47.76-41.1-84.48-83.65-84.48z\" fill=\"#6D6DAA\" p-id=\"43114\"></path><path d=\"M530.13 155.22h23.44v64.14h-23.44z\" fill=\"#6D6DAA\" p-id=\"43115\"></path><path d=\"M672.32 92.3l-7.07 24.34c-12.45 42.87-52.32 65.85-89.06 51.32l-28.02-11.08\" fill=\"#B1F1A8\" p-id=\"43116\"></path><path d=\"M598.76 182.68c-8.89 0-17.8-1.69-26.38-5.08l-28.02-11.08c-5.32-2.1-7.93-8.13-5.83-13.45 2.11-5.32 8.13-7.93 13.45-5.83L580 158.32c13.5 5.34 28.19 4.73 41.34-1.72 15.93-7.81 28.31-23.43 33.95-42.86l7.07-24.34c1.6-5.5 7.34-8.66 12.84-7.06 5.5 1.6 8.66 7.35 7.06 12.84l-7.07 24.34c-7.26 25.02-23.57 45.31-44.73 55.69-10.11 4.97-20.89 7.47-31.7 7.47z\" fill=\"#6D6DAA\" p-id=\"43117\"></path><path d=\"M672.32 92.3l-19.34-8.41c-35.42-18.44-76.95 0.12-92.75 41.45l-12.05 31.53\" fill=\"#B1F1A8\" p-id=\"43118\"></path><path d=\"M548.17 167.24c-1.23 0-2.48-0.22-3.7-0.69-5.35-2.04-8.02-8.04-5.98-13.38l12.05-31.53c9.14-23.91 26.8-42.33 48.44-50.54 19.23-7.3 39.97-6.08 58.45 3.43l19.02 8.27c5.25 2.28 7.65 8.39 5.37 13.64s-8.39 7.66-13.64 5.37l-19.34-8.41c-0.22-0.1-0.44-0.2-0.65-0.31-13.25-6.9-28.11-7.82-41.85-2.6-16.12 6.12-29.4 20.18-36.43 38.57l-12.05 31.53c-1.58 4.12-5.51 6.65-9.69 6.65z\" fill=\"#6D6DAA\" p-id=\"43119\"></path><path d=\"M536.03 155.22l-14.63 9.38c-25.77 16.53-58.15 5.55-72.32-24.53l-10.8-22.94\" fill=\"#B1F1A8\" p-id=\"43120\"></path><path d=\"M495.82 182.67c-5.23 0-10.49-0.74-15.67-2.23-17.28-4.97-32.02-18.08-40.44-35.96l-10.8-22.94c-2.44-5.18-0.22-11.35 4.96-13.79 5.18-2.44 11.35-0.22 13.79 4.96l10.8 22.94c5.88 12.48 15.87 21.54 27.42 24.87 10.1 2.91 20.72 1.26 29.92-4.64l14.63-9.38c4.82-3.09 11.23-1.69 14.32 3.13s1.69 11.23-3.13 14.32l-14.63 9.38c-9.64 6.18-20.34 9.34-31.17 9.34z\" fill=\"#6D6DAA\" p-id=\"43121\"></path><path d=\"M536.03 155.22l-7.12-16.26c-11.71-31.48-43.08-45.93-70.05-32.26l-20.58 10.43\" fill=\"#B1F1A8\" p-id=\"43122\"></path><path d=\"M536.03 165.58c-3.99 0-7.8-2.32-9.5-6.21l-7.34-16.8c-4.97-13.37-14.45-23.63-26-28.15-9.7-3.79-20.23-3.26-29.65 1.52l-20.58 10.42c-5.11 2.59-11.34 0.54-13.93-4.56-2.59-5.11-0.54-11.34 4.56-13.93l20.58-10.42c14.76-7.48 31.3-8.31 46.57-2.33 16.96 6.63 30.71 21.18 37.77 39.94l7.01 16c2.3 5.24-0.09 11.36-5.33 13.65-1.36 0.59-2.77 0.87-4.16 0.87z\" fill=\"#6D6DAA\" p-id=\"43123\"></path><path d=\"M339.94 426.19a48.23 53.68 0 1 0 96.46 0 48.23 53.68 0 1 0-96.46 0Z\" fill=\"#F9E2DC\" p-id=\"43124\"></path><path d=\"M388.17 490.24c-32.31 0-58.59-28.73-58.59-64.04s26.28-64.04 58.59-64.04 58.59 28.73 58.59 64.04-26.29 64.04-58.59 64.04z m0-107.36c-20.88 0-37.86 19.43-37.86 43.31s16.98 43.31 37.86 43.31 37.86-19.43 37.86-43.31-16.99-43.31-37.86-43.31z\" fill=\"#6D6DAA\" p-id=\"43125\"></path><path d=\"M647.57 426.19a48.23 53.68 0 1 0 96.46 0 48.23 53.68 0 1 0-96.46 0Z\" fill=\"#F9E2DC\" p-id=\"43126\"></path><path d=\"M695.8 490.24c-32.31 0-58.59-28.73-58.59-64.04s26.28-64.04 58.59-64.04 58.59 28.73 58.59 64.04-26.28 64.04-58.59 64.04z m0-107.36c-20.88 0-37.86 19.43-37.86 43.31s16.99 43.31 37.86 43.31 37.86-19.43 37.86-43.31-16.99-43.31-37.86-43.31z\" fill=\"#6D6DAA\" p-id=\"43127\"></path><path d=\"M514.5 849.57a27.35 31.92 0 1 0 54.7 0 27.35 31.92 0 1 0-54.7 0Z\" fill=\"#FFFFFF\" p-id=\"43128\"></path><path d=\"M541.85 891.85c-20.8 0-37.72-18.97-37.72-42.28s16.92-42.28 37.72-42.28c20.8 0 37.72 18.97 37.72 42.28s-16.93 42.28-37.72 42.28z m0-63.84c-9.37 0-16.99 9.67-16.99 21.55 0 11.89 7.62 21.56 16.99 21.56 9.37 0 16.99-9.67 16.99-21.56-0.01-11.88-7.63-21.55-16.99-21.55z\" fill=\"#6D6DAA\" p-id=\"43129\"></path><path d=\"M614.78 562.67s27.32 81.6-2.48 109.41c-3.4 3.17-8.42 2.6-11.31-1.2l-61.38-80.58\" fill=\"#88D0FC\" p-id=\"43130\"></path><path d=\"M607.26 684.5c-0.5 0-1.01-0.02-1.51-0.06-5.07-0.43-9.81-3.08-13-7.27l-61.38-80.58 16.49-12.56 59.53 78.15c17.13-21.14 3.85-77.42-2.44-96.21l19.66-6.58c0.29 0.87 7.19 21.64 10.39 46.23 4.58 35.19-0.68 60.1-15.62 74.05-3.39 3.14-7.64 4.83-12.12 4.83z\" fill=\"#6D6DAA\" p-id=\"43131\"></path><path d=\"M537.03 590.31l-61.38 80.58c-2.89 3.8-7.91 4.37-11.31 1.2-29.8-27.81-2.48-109.41-2.48-109.41\" fill=\"#88D0FC\" p-id=\"43132\"></path><path d=\"M469.38 684.5c-4.48 0-8.73-1.69-12.11-4.84-14.94-13.94-20.2-38.86-15.62-74.05 3.2-24.59 10.09-45.36 10.38-46.23l19.66 6.58c-6.27 18.8-19.52 75.1-2.44 96.21l59.53-78.15 16.49 12.56-61.38 80.58c-3.19 4.19-7.93 6.84-13 7.27-0.5 0.05-1.01 0.07-1.51 0.07z\" fill=\"#6D6DAA\" p-id=\"43133\"></path><path d=\"M541.85 342.51s47.33 91.9 153.95 66.69c0 0-2.47-103.57-153.62-119.42 0 0-17.13 6.47-2.05 48.48\" fill=\"#FBD297\" p-id=\"43134\"></path><path d=\"M542.18 289.78s-141.66 1.87-151.77 115.2c0 0 6.82 27.96 109.83-18.67 0.01 0.01 57.82-53.62 41.94-96.53z\" fill=\"#FBD297\" p-id=\"43135\"></path><path d=\"M554.19 582.09h-24.01c-79.76 0-144.42-64.66-144.42-144.42 0-27.47 3.59-27.69 23.82-29.71 31.53-3.13 84.39-13.71 130.97-62.89l28.47 26.38c18.23 19.39 25.56 19.05 40.66 24.05 29.68 9.83 53.69 17.25 68.54 19.31 14.28 1.98 20.4-6.57 20.4 22.85-0.01 79.77-64.67 144.43-144.43 144.43z\" fill=\"#F9E2DC\" p-id=\"43136\"></path><path d=\"M554.19 592.46h-24.01c-85.35 0-154.79-69.44-154.79-154.79s69.44-154.79 154.79-154.79h24.01c85.35 0 154.79 69.44 154.79 154.79-0.01 85.35-69.44 154.79-154.79 154.79z m-24.02-288.85c-73.92 0-134.06 60.14-134.06 134.06s60.14 134.06 134.06 134.06h24.01c73.92 0 134.06-60.14 134.06-134.06S628.1 303.61 554.18 303.61h-24.01z\" fill=\"#6D6DAA\" p-id=\"43137\"></path><path d=\"M783.83 577.75h20.73v122.62h-20.73z\" fill=\"#6D6DAA\" p-id=\"43138\"></path><path d=\"M287.79 570.43h20.73v122.04h-20.73z\" fill=\"#6D6DAA\" p-id=\"43139\"></path><path d=\"M407.84 817.65v46.89c0 15.72 12.31 28.45 27.49 28.45h1.07c15.18 0 27.49-12.74 27.49-28.45v-46.89h-56.05z\" fill=\"#C7BFF3\" p-id=\"43140\"></path><path d=\"M436.4 903.36h-1.07c-20.87 0-37.85-17.41-37.85-38.82v-57.25h76.77v57.25c0 21.4-16.98 38.82-37.85 38.82z m-18.19-75.35v36.52c0 9.97 7.68 18.09 17.12 18.09h1.07c9.44 0 17.12-8.12 17.12-18.09v-36.52h-35.31z\" fill=\"#6D6DAA\" p-id=\"43141\"></path><path d=\"M618.41 817.65v46.89c0 15.72 12.31 28.45 27.49 28.45h1.07c15.18 0 27.49-12.74 27.49-28.45v-46.89h-56.05z\" fill=\"#C7BFF3\" p-id=\"43142\"></path><path d=\"M646.97 903.36h-1.07c-20.87 0-37.85-17.41-37.85-38.82v-57.25h76.77v57.25c0 21.4-16.98 38.82-37.85 38.82z m-18.19-75.35v36.52c0 9.97 7.68 18.09 17.12 18.09h1.07c9.44 0 17.12-8.12 17.12-18.09v-36.52h-35.31z\" fill=\"#6D6DAA\" p-id=\"43143\"></path><path d=\"M390.41 425.84a10.36 10.36 0 0 1-10.34-9.82c-0.3-5.72 4.09-10.59 9.81-10.89 62.22-3.26 104.97-19.28 127.04-47.6 20.5-26.3 15.34-53.98 15.11-55.14-1.17-5.6 2.44-11.07 8.04-12.23 5.61-1.16 11.1 2.46 12.26 8.06 0.32 1.52 7.45 37.65-18.74 71.63-25.85 33.53-73.83 52.37-142.63 55.98-0.19 0.01-0.37 0.01-0.55 0.01z\" fill=\"#6D6DAA\" p-id=\"43144\"></path><path d=\"M690.72 425.85c-68.03 0-107.68-22.11-129.04-40.79-24.12-21.1-31.15-42.77-31.43-43.68l9.89-3.11 9.87-3.17c0.06 0.18 6.05 17.92 26.34 35.24 27.1 23.15 67.53 35.18 116.76 34.78l0.17 20.73h-2.56z\" fill=\"#6D6DAA\" p-id=\"43145\"></path><path d=\"M488.53 429.15a11.72 13.68 0 1 0 23.44 0 11.72 13.68 0 1 0-23.44 0Z\" fill=\"#6D6DAA\" p-id=\"43146\"></path><path d=\"M571.72 429.15a11.72 13.68 0 1 0 23.44 0 11.72 13.68 0 1 0-23.44 0Z\" fill=\"#6D6DAA\" p-id=\"43147\"></path><path d=\"M583.45 498.79c-11.22 13.46-23.63 25.96-41.6 25.96s-30.47-10.89-41.6-24.46\" fill=\"#F9E2DC\" p-id=\"43148\"></path><path d=\"M541.85 535.12c-23.44 0-38.83-15.1-49.61-28.25-3.63-4.43-2.98-10.96 1.44-14.59 4.43-3.63 10.96-2.98 14.59 1.44 12.04 14.68 21.77 20.67 33.58 20.67 12.58 0 22.2-8.51 33.64-22.23 3.67-4.4 10.2-4.99 14.6-1.33s4.99 10.2 1.33 14.6c-12.86 15.42-27.76 29.69-49.57 29.69z\" fill=\"#6D6DAA\" p-id=\"43149\"></path><path d=\"M308.52 701.8h-48.96c-16.17 0-31.4-6.84-42.89-19.25-12.91-13.96-19.43-33.38-17.87-53.28 2.67-34.12 30.51-60.84 63.39-60.84h46.34V701.8z m-46.34-112.65c-22.13 0-40.89 18.33-42.72 41.73-1.11 14.16 3.42 27.86 12.43 37.59 7.52 8.13 17.34 12.6 27.67 12.6h28.23v-91.92h-25.61z\" fill=\"#6D6DAA\" p-id=\"43150\"></path><path d=\"M832.8 701.8h-48.96V568.42h46.34c32.88 0 60.72 26.72 63.39 60.84 1.56 19.9-4.96 39.32-17.87 53.28-11.5 12.42-26.73 19.26-42.9 19.26z m-28.24-20.73h28.23c10.33 0 20.15-4.48 27.67-12.6 9-9.73 13.53-23.44 12.42-37.59-1.83-23.4-20.59-41.73-42.72-41.73h-25.61v91.92z\" fill=\"#6D6DAA\" p-id=\"43151\"></path><path d=\"M493.73 655.23s52.38 13.95 85.07-2.05l-39.18-60.22-45.89 62.27z\" fill=\"#F49292\" p-id=\"43152\"></path><path d=\"M538.53 671.21c-24.61 0-46.05-5.59-47.47-5.97l-14.7-3.92 63.79-86.57 53.73 82.58-10.52 5.15c-13.57 6.64-29.79 8.73-44.83 8.73z m-26.8-22.95c13.66 2.14 34.07 3.94 51.26-0.37l-23.91-36.75-27.35 37.12z\" fill=\"#6D6DAA\" p-id=\"43153\"></path></svg>', '个人博客', 67, 1, 0);
INSERT INTO `lylme_links` VALUES (95, '小白导航', 13, 'https://nav.cnxiaobai.com/', '<svg t=\"1723816670648\" class=\"icon\" viewBox=\"0 0 1024 1024\" version=\"1.1\" xmlns=\"http://www.w3.org/2000/svg\" p-id=\"44345\" width=\"200\" height=\"200\"><path d=\"M492.032 509.44h39.424v473.088h-39.424V509.44z\" fill=\"#666666\" p-id=\"44346\"></path><path d=\"M942.592 268.288l-6.656-12.288-2.048 1.024c-15.36-18.432-35.84-32.768-59.392-39.936l-273.408-161.28c-25.6-14.848-56.32-23.552-89.088-23.552S448.512 40.96 421.888 56.32L122.368 228.864c-21.504 12.288-38.4 30.208-49.152 51.712l14.336-25.088-6.656 12.8c-13.824 19.968-22.528 45.056-22.528 72.192v335.872c0 47.104 25.6 88.064 63.488 110.592l326.144 187.904c18.432 10.752 40.448 16.896 64 16.896s45.568-6.144 64.512-17.408l324.608-187.392c38.4-22.528 64-63.488 64-111.104V339.968c0-27.136-8.704-51.712-23.04-72.192l0.512 0.512z m-800.256-5.12l300.032-173.056C462.336 78.336 486.4 71.68 512 71.68s49.664 6.656 70.144 18.944l299.52 173.056c13.312 7.68 23.552 18.432 31.232 31.232L512 486.912 125.44 275.968c10.24-10.24 23.552-17.92 37.888-22.016l-20.992 9.216z m93.696 118.272L334.336 435.2v197.12l-98.304-55.296V381.44z m689.664 295.424c0 32.768-17.408 60.928-43.52 76.288l-326.144 187.392c-12.8 7.68-28.16 11.776-44.032 11.776-16.384 0-31.744-4.608-44.544-12.288L142.336 752.64c-26.624-15.872-44.032-44.032-44.032-76.288V339.968c0-11.264 2.048-22.016 6.144-31.744l92.672 51.712v239.616l177.152 102.4V456.704l137.728 75.264 408.064-222.72c3.584 9.216 5.632 19.968 5.632 31.232v336.384z\" fill=\"#666666\" p-id=\"44347\"></path></svg>', '小白导航', 68, 1, 0);
INSERT INTO `lylme_links` VALUES (98, 'AntLink', 14, 'https://antlink.cc/#/dashboard', '<svg t=\"1723814293839\" class=\"icon\" viewBox=\"0 0 1024 1024\" version=\"1.1\" xmlns=\"http://www.w3.org/2000/svg\" p-id=\"25026\" width=\"200\" height=\"200\"><path d=\"M182.034 872.396l283.734-740h106.703l301.813 740H762.721l-85.422-224H366.752l-81.031 224H182.034z m212.562-304h251.89l-77.219-204.844c-23.844-62.172-41.516-113.563-53.047-154.156-9.516 47.656-22.765 94.906-39.765 141.75l-81.859 217.25z\" p-id=\"25027\" fill=\"#d81e06\"></path></svg>', 'AntLink', 71, 1, 0);
INSERT INTO `lylme_links` VALUES (99, '搜书吧', 11, 'www.soushu2030.com', '<svg t=\"1723818173528\" class=\"icon\" viewBox=\"0 0 1024 1024\" version=\"1.1\" xmlns=\"http://www.w3.org/2000/svg\" p-id=\"55766\" width=\"200\" height=\"200\"><path d=\"M0 0h921.6Q1024 0 1024 102.4v819.2q0 102.4-102.4 102.4H102.4Q0 1024 0 921.6V102.4Q0 0 102.4 0z\" fill=\"#FFB708\" p-id=\"55767\"></path><path d=\"M786.907 717.056v81.298a7.234 7.234 0 0 1-12.792 4.63l-17.825-21.387a7.234 7.234 0 0 0-11.11 0l-17.825 21.387a7.234 7.234 0 0 1-12.793-4.63v-81.298h72.345z\" fill=\"#4179EB\" p-id=\"55768\"></path><path d=\"M338.373 254.069a828.496 828.496 0 0 1 147.259 12.215 14.468 14.468 0 0 1 11.893 14.233v448.074a14.468 14.468 0 0 1-16.925 14.248 836.915 836.915 0 0 0-142.227-11.315 880.998 880.998 0 0 0-110.306 6.583 43.403 43.403 0 0 1-48.845-43.06V305.196a43.403 43.403 0 0 1 37.303-42.972 865.807 865.807 0 0 1 121.848-8.155z m347.246 0a865.953 865.953 0 0 1 121.87 8.104 43.403 43.403 0 0 1 37.304 42.972v389.851a43.403 43.403 0 0 1-48.845 43.06 880.998 880.998 0 0 0-110.307-6.584 835.394 835.394 0 0 0-142.226 11.316 14.468 14.468 0 0 1-16.925-14.249V280.503a14.468 14.468 0 0 1 11.893-14.22 827.15 827.15 0 0 1 147.236-12.214zM338.373 572.372a366.446 366.446 0 0 0-95.926 12.976 7.234 7.234 0 0 0-5.354 6.985v13.963a7.234 7.234 0 0 0 9.055 7 360.331 360.331 0 0 1 184.444 0 7.234 7.234 0 0 0 9.055-7.015v-13.926a7.234 7.234 0 0 0-5.354-6.985 365.831 365.831 0 0 0-95.92-12.998z m347.246 0a366.446 366.446 0 0 0-95.927 12.976 7.234 7.234 0 0 0-5.354 6.985v13.963a7.234 7.234 0 0 0 9.055 7 360.331 360.331 0 0 1 184.445 0 7.234 7.234 0 0 0 9.055-7.015v-13.926a7.234 7.234 0 0 0-5.354-6.985 365.831 365.831 0 0 0-95.927-12.976z m-347.246-101.28a366.446 366.446 0 0 0-95.926 13.011 7.234 7.234 0 0 0-5.354 6.985v13.934a7.234 7.234 0 0 0 9.055 7 360.324 360.324 0 0 1 184.444 0 7.234 7.234 0 0 0 9.055-7.014v-13.949a7.234 7.234 0 0 0-5.354-6.985 365.839 365.839 0 0 0-95.927-12.975z m347.246 0a366.446 366.446 0 0 0-95.927 13.011 7.234 7.234 0 0 0-5.354 6.985v13.934a7.234 7.234 0 0 0 9.055 7 360.324 360.324 0 0 1 184.445 0 7.234 7.234 0 0 0 9.055-7.014v-13.949a7.234 7.234 0 0 0-5.354-6.985 365.839 365.839 0 0 0-95.927-12.975zM338.373 369.817a366.446 366.446 0 0 0-95.926 12.975 7.234 7.234 0 0 0-5.354 6.985v13.963a7.234 7.234 0 0 0 9.055 7 360.331 360.331 0 0 1 184.444 0 7.234 7.234 0 0 0 9.055-7.014v-13.978a7.234 7.234 0 0 0-5.354-6.985 365.839 365.839 0 0 0-95.927-12.976z m347.246 0a366.446 366.446 0 0 0-95.927 12.975 7.234 7.234 0 0 0-5.354 6.985v13.963a7.234 7.234 0 0 0 9.055 7 360.331 360.331 0 0 1 184.445 0 7.234 7.234 0 0 0 9.055-7.014v-13.978a7.234 7.234 0 0 0-5.354-6.985 365.831 365.831 0 0 0-95.927-12.976z\" fill=\"#FFFFFF\" p-id=\"55769\"></path></svg>', '搜书吧', 72, 1, 0);
INSERT INTO `lylme_links` VALUES (100, '元婴MAC软件站', 11, 'https://maczz.net/', '', '元婴MAC软件站', 73, 1, 0);
INSERT INTO `lylme_links` VALUES (102, 'Youtube', 6, 'https://www.youtube.com/', '<svg t=\"1723820167922\" class=\"icon\" viewBox=\"0 0 1462 1024\" version=\"1.1\" xmlns=\"http://www.w3.org/2000/svg\" p-id=\"11606\" width=\"200\" height=\"200\"><path d=\"M1448.228571 220.891429s-14.336-100.303238-58.12419-144.530286C1334.418286 18.334476 1272.05181 18.139429 1243.428571 14.774857 1038.823619 0 731.721143 0 731.721143 0h-0.585143S424.033524 0 219.37981 14.774857C190.659048 18.139429 128.438857 18.383238 72.655238 76.361143 28.867048 120.58819 14.628571 220.94019 14.628571 220.94019S0 338.651429 0 456.411429v110.543238c0 117.808762 14.628571 235.617524 14.628571 235.617523s14.287238 100.303238 58.075429 144.530286c55.734857 58.026667 128.828952 56.07619 161.353143 62.220191C351.085714 1020.537905 731.428571 1024 731.428571 1024s307.395048-0.487619 512.048762-15.164952c28.672-3.413333 90.940952-3.705905 146.578286-61.68381 43.885714-44.227048 58.172952-144.579048 58.172952-144.579048s14.628571-117.76 14.628572-235.568761V456.508952c0-117.808762-14.628571-235.617524-14.628572-235.617523z\" fill=\"#FF0000\" p-id=\"11607\"></path><path d=\"M633.904762 731.428571V292.571429l341.333333 220.16z\" fill=\"#FFFFFF\" p-id=\"11608\"></path></svg>', 'Youtube', 7, 1, 0);
INSERT INTO `lylme_links` VALUES (103, '哔咔', 6, 'https://manhuabika.com/', '<svg t=\"1723814181140\" class=\"icon\" viewBox=\"0 0 1024 1024\" version=\"1.1\" xmlns=\"http://www.w3.org/2000/svg\" p-id=\"20315\" width=\"200\" height=\"200\"><path d=\"M390.881892 493.48544s32.380748 31.224293 64.761497-15.612147h16.190374s26.598472 43.367074 72.856684 23.707334c0 0 49.727578-2.312911 0 31.224293h-40.475935s-14.455691 20.816195-24.285562 23.707334h-32.380748s-21.394423-7.516959-24.285562-23.707334c0 0-38.741253 1.156455-48.571122-15.612147 0 0-5.782277-32.380748 16.190374-23.707333z\" fill=\"#645376\" p-id=\"20316\"></path><path d=\"M463.738576 509.675814c13.877464 0 24.863789 5.204049 24.863789 11.564553s-10.986325 11.564553-24.863789 11.564553-24.285561-5.204049-24.285561-11.564553 10.986325-11.564553 24.285561-11.564553z\" fill=\"#FCC3C3\" p-id=\"20317\"></path><path d=\"M61.870359 493.48544h49.727578a11.564553 11.564553 0 0 1 11.564553 11.564553 11.564553 11.564553 0 0 1-11.564553 11.564553h-49.727578a12.142781 12.142781 0 0 1-12.142781-11.564553 12.142781 12.142781 0 0 1 12.142781-11.564553zM212.209548 390.560918s-23.707334-25.442017-32.380749-15.612147v31.224293s-20.237968-4.047594-8.095187-39.31948c0 0-57.244537-6.360504 0 63.605042 0 0 61.870359-28.911383 72.856684-24.285562v31.802521s-37.00657-13.299236-40.475935 8.095187c0 0 67.652635 54.353399 138.196408 8.095187l32.380749-39.897707S312.242932 361.649535 212.209548 390.560918z\" fill=\"#645376\" p-id=\"20318\"></path><path d=\"M277.549272 422.363439a16.190374 16.190374 0 1 1-16.190374 16.190374A15.612147 15.612147 0 0 1 277.549272 422.363439zM322.072802 406.751292a11.564553 11.564553 0 0 1 0 23.129106 11.564553 11.564553 0 1 1 0-23.129106z\" fill=\"#FFFFFF\" p-id=\"20319\"></path><path d=\"M544.690447 414.268252s83.264782-55.509854 154.386783-15.612147c0 0 13.877464 0 48.571123-23.707334 0 0 39.31948-0.578228 0 31.224293 0 0 9.251642 9.82987 32.380748 0 0 0 17.925057 7.516959 0 24.285562h-48.571123s-1.156455 29.48961-48.571122 39.31948h-89.047058s-7.516959-26.598472 24.285561-23.707334v-31.80252s-38.741253-1.156455-48.571123 16.190374c0 0-19.65974 8.095187-24.863789-16.190374z\" fill=\"#645376\" p-id=\"20320\"></path><path d=\"M649.92788 429.880398a16.190374 16.190374 0 1 1-15.612147 16.190374 16.190374 16.190374 0 0 1 15.612147-16.190374zM695.029636 414.268252a12.142781 12.142781 0 1 1-12.721008 12.14278 12.142781 12.142781 0 0 1 12.721008-12.14278z\" fill=\"#FFFFFF\" p-id=\"20321\"></path><path d=\"M135.30527 437.975585c28.911383 0 52.618716 13.877464 52.618717 31.802521s-23.707334 31.224293-52.618717 31.224293-52.618716-13.877464-52.618716-31.224293 23.707334-31.802521 52.618716-31.802521z\" fill=\"#F96767\" p-id=\"20322\"></path><path d=\"M414.589226 398.077877a7.516959 7.516959 0 0 1 1.156455 10.986326l-41.054163 49.14935a8.095187 8.095187 0 0 1-11.564553 1.156455 7.516959 7.516959 0 0 1-1.156456-10.986325l41.054164-49.14935a8.095187 8.095187 0 0 1 11.564553-1.156456zM446.969974 413.690024a8.095187 8.095187 0 0 1 1.156455 11.564553l-32.958976 41.054163a8.095187 8.095187 0 0 1-11.564553 1.156455 7.516959 7.516959 0 0 1-1.156455-10.986325l32.958976-41.632391a9.82987 9.82987 0 0 1 11.564553-1.156455zM495.541097 398.077877a7.516959 7.516959 0 0 1 1.156455 10.986326l-41.054163 49.14935a8.095187 8.095187 0 1 1-12.142781-9.82987l40.475936-49.14935a8.095187 8.095187 0 0 1 11.564553-1.156456zM527.921845 406.173064a7.516959 7.516959 0 0 1 1.156456 10.986326l-41.054164 49.14935a8.095187 8.095187 0 1 1-12.14278-9.82987l40.475935-49.14935a8.095187 8.095187 0 0 1 11.564553-1.156456zM544.11222 429.880398a7.516959 7.516959 0 0 1 1.156455 10.986325L520.404886 474.403927a8.673415 8.673415 0 0 1-10.986326 1.156456 8.095187 8.095187 0 0 1-1.156455-11.564553l24.285562-32.958977a8.095187 8.095187 0 0 1 11.564553-1.156455z\" fill=\"#FCC3C3\" p-id=\"20323\"></path><path d=\"M398.977079 263.929062s-26.020244 64.183269-80.951871 71.122001h-57.244537s-24.863789 8.673415 0 31.802521c0 0 79.795416 9.251642 113.910847-23.707334l48.571122-55.509854s2.891138-43.945301-24.285561-23.707334zM463.160348 289.371079a12.142781 12.142781 0 0 1 0 16.768602l-23.129106 22.550878a12.264208 12.264208 0 0 1-17.346829-17.346829l23.129106-21.972651a12.721008 12.721008 0 0 1 17.346829 0zM528.500073 295.731583s-4.047594 46.83644 65.339725 55.509855c0 0 37.00657-1.734683 48.571122 7.516959s24.285561-30.067838-24.285561-39.31948c0 0-61.870359 15.033919-65.339725-23.707334 0 0-19.65974-15.612147-24.285561 0zM642.41092 603.926921s10.986325-161.325515 161.903742-165.951336c0 0 9.251642 12.721008-8.095187 16.190374 0 0-101.768067 15.033919-129.522993 134.148815 0 0-5.204049 35.271887-24.285562 15.612147z\" fill=\"#645376\" p-id=\"20324\"></path><path d=\"M763.838727 691.239296s-51.462261-94.829335-8.095187-126.631855c0 0 58.97922-51.462261 56.66631-71.122001 0 0 32.380748 1.156455 24.285561 31.802521 0 0-46.258212 80.951871-8.095187 126.631855 0 0 21.972651 1.156455 16.190374-23.707334 0 0 6.360504-7.516959 24.285561 15.612147 0 0 39.897708 3.469366 24.863789-31.802521 0 0-35.271887-10.986325-41.054163-31.802521 0 0 37.584797-77.482505 0-102.346294 0 0-43.367074-61.292131-80.951871 23.707334 0 0-75.169595 56.088082-72.856684 102.346294 0 0 1.156455 67.652635 40.475936 102.924522 0 0 24.285561 4.047594 24.285561-15.612147z\" fill=\"#645376\" p-id=\"20325\"></path><path d=\"M747.648353 746.749151s-95.407562-120.271351-202.957906 0c0 0-98.876928-88.468831-145.713368-39.897708 0 0 27.1767 58.97922 24.285561 79.217188 0 0-56.088082 39.897708-64.761496 31.802521 0 0-1.734683 49.727578-40.475936 47.414667l-89.625286-8.095187s-92.516424-153.808555-161.903742-118.536668a507.10565 507.10565 0 0 0 108.706798 156.121465l12.721009-8.095187a11.564553 11.564553 0 0 1 16.768601 2.891139 11.564553 11.564553 0 0 1-2.891138 16.190374l-8.673415 5.782276 13.877464 11.564553a6.938732 6.938732 0 0 1 2.891138-2.891138l26.598472-17.925057a12.142781 12.142781 0 1 1 13.877464 19.65974l-24.285561 16.190374a472.990218 472.990218 0 0 0 43.945301 27.754928 12.142781 12.142781 0 0 1 4.625821-6.360505l99.455156-72.856684a12.142781 12.142781 0 0 1 17.34683 2.891139 11.564553 11.564553 0 0 1-3.469366 16.190374L290.848508 977.461984l17.34683 8.095187 46.258212-33.537204a12.721008 12.721008 0 0 1 16.190374 5.782276 11.564553 11.564553 0 0 1-5.204049 15.612147l-31.80252 22.550878a483.398316 483.398316 0 0 0 178.672344 27.754928c374.11329-12.142781 422.106185-316.868753 422.106185-316.868753s-60.713903 126.631856-186.767531 39.897708z m-482.241861 150.339189a12.142781 12.142781 0 1 1 0-23.707334 12.142781 12.142781 0 1 1 0 23.707334z\" fill=\"#FCC3C3\" p-id=\"20326\"></path><path d=\"M9.82987 809.775965s-21.972651-287.95737 0-324.385712S51.462261 169.099728 326.120395 10.665351c0 0 19.081512-51.462261 97.142245 71.700229 0 0 148.026279-24.863789 219.14828 23.707334 0 0 153.808555-76.32605 226.665239-47.414668 0 0 17.925057 6.938732-8.095187 157.856149 0 0 130.679449 145.713368 162.48197 395.507713l-8.095187 229.556378s-24.285561 35.850114-48.571123 0c0 0 31.802521-294.317874-24.285561-379.895567 0 0-37.00657-161.903742-138.196409-253.263711 0 0-5.782277-39.897708 32.380749-15.612147V89.882539s-115.64553 11.564553-194.284491 55.509855c0 0-157.277921-54.353399-251.529028-8.095187 0 0-41.632391-27.1767-8.095187-39.319481 0 0-32.380748-58.400993-40.475936-47.414667 0 0-57.822765 4.625821-154.386782 134.148815 0 0-124.318945 163.060198-145.713368 395.507713L50.305806 809.775965s-23.707334 34.115431-40.475936 0z\" fill=\"#645376\" p-id=\"20327\"></path><path d=\"M82.686554 762.361297s56.66631-30.067838 72.856684 23.707334c0 0 36.428342 82.108326 89.047058 79.217188l-8.095187-39.31948-72.856684-63.605042s-73.434912-57.822765-89.047058-23.707333c0 0-6.938732 28.911383 8.095187 23.707333\" fill=\"#F96767\" p-id=\"20328\"></path><path d=\"M66.49618 754.26611s48.571123-45.679984 72.856684 16.190375c0 0 33.537204 2.312911 16.190374-23.707334 0 0-51.462261-68.230863-97.142245-16.190374 0 0-8.673415 27.754927 8.095187 23.707333z\" fill=\"#645376\" p-id=\"20329\"></path><path d=\"M334.215582 643.824629s-54.353399-57.244537-64.761497-60.135676-49.14935 4.625821-47.992895 10.408098c-32.380748-34.115431-130.679449-13.877464-130.679449-13.877464-28.333155 15.033919 8.095187 39.897708 8.095187 39.897708 14.455691-16.190374 121.427807 0 121.427807 0v31.802521c-13.299236 13.877464-48.571123 126.053628-48.571123 126.053628-4.625821 23.129106 56.66631 31.802521 56.66631 31.802521v39.897708c2.312911 30.646065 105.81566 23.707334 105.81566 23.707333 38.163025 2.312911 32.380748-47.414667 32.380749-47.414667 38.163025 4.047594 64.761497-39.897708 64.761497-39.897708-4.047594-78.638961-97.142245-142.244002-97.142246-142.244002z m32.380749 158.434376l-8.095187-47.992895c-6.360504-37.584797-24.285561-23.707334-24.285562-23.707333l8.095187 102.924521a13.877464 13.877464 0 0 1-8.095187 16.190375H244.590296c19.081512-84.421237 6.938732-96.564018-6.360504-97.720473s-9.82987 50.305806-9.82987 50.305805c-26.598472-3.469366-32.380748-31.802521-32.380748-31.80252 9.82987-12.721008 24.285561-79.217188 24.285561-79.217189l16.190374 15.612147c26.598472-4.047594 0-94.829335 0-94.829335-0.578228-10.408098 24.285561-8.095187 24.285562-8.095187l41.054163 47.992895c26.020244 36.428342 32.380748 15.612147 32.380748 15.612147 18.503285 1.156455 72.856684 94.829335 72.856684 94.829334 6.938732 35.271887-40.475936 39.897708-40.475935 39.897708z\" fill=\"#645376\" p-id=\"20330\"></path><path d=\"M942.511071 706.851443s-38.163025 127.210083-178.672344 71.122001c0 0-19.081512-6.360504-89.047058-71.122001 0 0-41.054163-15.612147-89.047059 47.414667 0 0-55.509854 27.1767-113.910847-31.224293 0 0-56.088082-14.455691-56.66631 15.612147l-16.190374-23.707334s64.183269-37.00657 97.142246 8.095187c0 0 72.856684 42.788846 105.81566-23.707334 0 0 85.577692-45.679984 121.427806 31.224294 0 0 132.99236 106.972115 170.577157-15.612147 0 0 38.741253-30.067838 48.571123-8.095187z\" fill=\"#F96767\" p-id=\"20331\"></path><path d=\"M646.458514 666.953735a12.721008 12.721008 0 0 1 12.14278 12.142781 12.142781 12.142781 0 0 1-12.14278 12.14278 12.142781 12.142781 0 0 1-12.142781-12.14278 12.142781 12.142781 0 0 1 12.142781-12.142781zM407.072266 714.94663s61.870359-18.503285 72.856684 8.095187c0 0 55.509854 58.97922 122.006035-8.095187 0 0 19.65974-18.503285 24.285561-15.612147s8.673415-34.115431-24.285561-16.190374c0 0-31.224293 46.258212-81.530099 39.897708 0 0-56.66631-58.400993-129.522994-31.802521 0 0-16.768602 24.285561 16.190374 23.707334zM763.838727 746.749151s65.917952 35.271887 105.237432-8.095187c0 0 37.00657-41.632391 41.054164-55.509855 0 0 31.802521 7.516959 8.095187 31.802521 0 0-64.183269 98.298701-130.101222 63.026814 0 0-42.210619-1.734683-113.332619-78.638961 0 0-17.925057-21.394423 0-23.707333a669.009392 669.009392 0 0 1 89.047058 71.122001zM70.543773 445.492545h24.285562a12.142781 12.142781 0 0 1 12.14278 12.14278 11.564553 11.564553 0 0 1-12.14278 11.564553h-24.285562a11.564553 11.564553 0 0 1-12.14278-11.564553 12.142781 12.142781 0 0 1 12.14278-12.14278z\" fill=\"#645376\" p-id=\"20332\"></path></svg>', '哔咔', 6, 1, 0);
INSERT INTO `lylme_links` VALUES (104, 'HelloGitHub', 5, 'https://github.com/521xueweihan/HelloGitHub', '<svg t=\"1723814387429\" class=\"icon\" viewBox=\"0 0 1025 1024\" version=\"1.1\" xmlns=\"http://www.w3.org/2000/svg\" p-id=\"26024\" width=\"200\" height=\"200\"><path d=\"M512.032 831.904c-19.168 0-38.304-9.92-58.144-29.76-7.808-7.808-7.808-20.48 0-28.288s20.48-7.808 28.288 0C494.368 786.08 504.16 792 512.032 792s17.664-5.92 29.856-18.144c7.808-7.808 20.48-7.808 28.288 0s7.808 20.48 0 28.288c-19.84 19.84-38.976 29.76-58.144 29.76z m-512-306.4c0 49.888 4.256 95.136 12.8 135.68s20.544 75.744 36 105.536 35.008 55.904 58.656 78.336 49.344 40.928 77.056 55.456c27.744 14.528 59.456 26.304 95.2 35.264S351.84 951.04 388.8 954.624 466.496 960 510.944 960c44.448 0 85.248-1.792 122.4-5.376s73.6-9.856 109.344-18.848c35.744-8.96 67.552-20.736 95.456-35.264s53.792-33.024 77.6-55.456c23.808-22.432 43.456-48.544 58.944-78.336s27.552-64.96 36.256-105.536c8.704-40.576 13.056-85.792 13.056-135.68 0-89.376-27.744-166.368-83.2-230.976 3.2-8.608 5.952-18.496 8.256-29.6s4.544-26.816 6.656-47.104c2.144-20.288 1.344-43.712-2.4-70.272S942.56 93.888 932.256 66.24l-8-1.632c-5.344-1.088-14.048-0.704-26.144 1.088s-26.208 5.024-42.4 9.696-37.056 13.92-62.656 27.744-52.608 31.328-81.056 52.512c-48.352-14.72-115.008-30.112-200-30.112s-151.808 15.392-200.544 30.112c-28.448-21.184-55.552-38.592-81.344-52.224s-46.4-22.976-61.856-28c-15.456-5.024-29.792-8.256-42.944-9.696s-21.6-1.888-25.344-1.344c-3.744 0.544-6.496 1.152-8.256 1.888-10.304 27.648-17.408 54.752-21.344 81.312s-4.8 49.888-2.656 69.984c2.144 20.096 4.448 35.904 6.944 47.392S80 286.304 83.2 294.56C27.744 358.816 0 435.808 0 525.536z m136.544 113.888c0-58.016 21.344-110.624 64-157.856 12.8-14.4 27.648-25.312 44.544-32.704s36.096-11.616 57.6-12.608 42.048-0.8 61.6 0.608 43.744 3.296 72.544 5.696 53.696 3.616 74.656 3.616c20.96 0 45.856-1.184 74.656-3.616s52.992-4.288 72.544-5.696c19.552-1.408 40.096-1.6 61.6-0.608s40.8 5.216 57.856 12.608c17.056 7.392 32 18.304 44.8 32.704 42.656 47.232 64 99.84 64 157.856 0 34.016-3.552 64.32-10.656 90.944s-16.096 48.928-26.944 66.912c-10.848 18.016-26.048 33.216-45.6 45.632s-38.496 22.016-56.8 28.8c-18.304 6.784-41.952 12.096-70.944 15.904s-54.944 6.112-77.856 6.912c-22.944 0.8-51.808 1.216-86.656 1.216s-63.648-0.416-86.4-1.216c-22.752-0.8-48.608-3.104-77.6-6.912s-52.608-9.12-70.944-15.904c-18.304-6.816-37.248-16.416-56.8-28.8s-34.752-27.616-45.6-45.632c-10.848-18.016-19.84-40.32-26.944-66.912s-10.656-56.928-10.656-90.944zM256.032 608c0-53.024 28.64-96 64-96s64 42.976 64 96-28.64 96-64 96-64-42.976-64-96z m384 0c0-53.024 28.64-96 64-96s64 42.976 64 96-28.64 96-64 96-64-42.976-64-96z\" p-id=\"26025\"></path></svg>', 'HelloGitHub', 74, 1, 0);
INSERT INTO `lylme_links` VALUES (105, '博客园', 8, 'https://www.cnblogs.com', '<svg t=\"1723814485135\" class=\"icon\" viewBox=\"0 0 1024 1024\" version=\"1.1\" xmlns=\"http://www.w3.org/2000/svg\" p-id=\"27170\" width=\"200\" height=\"200\"><path d=\"M851.40363594 172.59636406c-187.46181844-187.46181844-491.34545437-187.46181844-678.80727188 0-187.46181844 187.46181844-187.46181844 491.34545437 0 678.80727188 187.46181844 187.46181844 491.34545437 187.46181844 678.80727188 0 187.46181844-187.46181844 187.46181844-491.34545437 0-678.80727188zM387.33090875 728.08727281a47.08363594 47.08363594 0 1 1-66.63272719-66.50181843 47.08363594 47.08363594 0 0 1 66.63272719 66.50181843z m205.52727281 1.39636313a38.74909125 38.74909125 0 0 1-76.62545437-11.52h-0.04363594a6.54545437 6.54545437 0 0 0-0.04363688 0.30545531v-0.34909125c0.30545438-2.61818156 2.05090875-20.72727281-2.96727281-44.98909125a174.24 174.24 0 0 0-48.56727281-89.28 172.10181844 172.10181844 0 0 0-88.8-48.30545438 156.69818156 156.69818156 0 0 0-42.45818156-2.92363593 38.66181844 38.66181844 0 0 1-35.38909125-65.32363688 38.61818156 38.61818156 0 0 1 21.12-10.8218175v-0.2181825c4.45090875-0.74181844 111.14181844-16.45090875 200.33454562 72.74181844 89.01818156 89.01818156 74.18181844 196.14545438 73.44 200.72727281z m175.2 7.59272812a38.74909125 38.74909125 0 0 1-65.67272719 21.3818175 39.49090875 39.49090875 0 0 1-11.65090875-33.73090875c0.08727281-0.34909125 5.10545437-37.48363594-5.06181843-88.97454562-13.30909125-67.37454562-45.29454563-126.89454563-94.95272719-176.90181844-50.00727281-49.70181844-109.52727281-81.64363594-176.94545438-94.95272719-51.49090875-10.16727281-88.58181844-5.19272719-89.01818156-5.14909031h0.21818156-0.04363687a39.92727281 39.92727281 0 0 1-44.68363594-32.90181844 38.83636406 38.83636406 0 0 1 32.20363594-44.37818156c1.92-0.30545438 47.86909125-7.33090875 111.27272719 4.36363594a411.75272719 411.75272719 0 0 1 106.25454562 34.95272718 425.76 425.76 0 0 1 114.63272719 82.25454563l0.91636406 0.96 0.96 0.87272719a425.89090875 425.89090875 0 0 1 82.25454563 114.72c16.40727281 33.6 28.14545437 69.29454562 34.99636312 106.21090875 11.65090875 63.40363594 4.66909125 109.35272719 4.32 111.27272812z\" fill=\"#1296db\" p-id=\"27171\"></path></svg>', '博客园', 75, 1, 0);
INSERT INTO `lylme_links` VALUES (106, 'stackoverflow中文网', 8, 'https://stackoverflow.org.cn', '<svg t=\"1723814540579\" class=\"icon\" viewBox=\"0 0 1024 1024\" version=\"1.1\" xmlns=\"http://www.w3.org/2000/svg\" p-id=\"28128\" width=\"200\" height=\"200\"><path d=\"M620.714667 895.829333L213.376 896 213.333333 808.832l407.338667-0.213333 0.042667 87.210666zM896 402.133333L826.325333 0l-85.76 14.933333 69.674667 402.090667 85.76-14.933333z m-265.472 294.698667l-405.632-37.418667-7.978667 86.826667 405.632 37.376 7.978667-86.784z m26.752-113.749333l-393.386667-105.941334-22.613333 84.181334 393.429333 105.984 22.613334-84.224z m51.370667-99.712L357.76 276.053333 313.6 351.146667l350.890667 207.36 44.202666-75.093334z m86.016-61.013334l-229.504-337.237333-71.893334 49.066667 229.546667 337.237333 71.850667-49.066667z\" fill=\"#FF810F\" p-id=\"28129\"></path><path d=\"M697.770667 597.333333v357.973334h-541.866667V597.333333H85.333333v426.666667h682.666667V597.333333z\" fill=\"#BEBCBC\" p-id=\"28130\"></path></svg>', 'stackoverflow中文网', 76, 1, 0);
INSERT INTO `lylme_links` VALUES (107, 'stackoverflow', 8, 'https://stackoverflow.com/', '<svg t=\"1723814583988\" class=\"icon\" viewBox=\"0 0 1024 1024\" version=\"1.1\" xmlns=\"http://www.w3.org/2000/svg\" p-id=\"28277\" width=\"200\" height=\"200\"><path d=\"M777.3 885.6H208.7V642.5h-81v324.1h729.2V642.5h-79.6v243.1zM589.2 105.2l65.1-48.3 241.4 325.3-65.1 48.3-241.4-325.3zM452.6 249.1l51.8-62.3 311.5 259-51.8 62.3-311.5-259z m0 0\" fill=\"#F4EA2A\" p-id=\"28278\"></path><path d=\"M289.7 723.5h405.1v81H289.7v-81z m462-196.1L385 355.4l-35.5 73.9 368.2 172 34-73.9z m-39.8 95.2l-396.6-83.9-18.5 79.6 398 83.9 17.1-79.6z m0 0\" fill=\"#F4EA2A\" p-id=\"28279\"></path></svg>', 'stackoverflow', 77, 1, 0);
INSERT INTO `lylme_links` VALUES (108, '人人都是产品经理', 8, 'https://www.woshipm.com', '<svg t=\"1723814684053\" class=\"icon\" viewBox=\"0 0 1073 1024\" version=\"1.1\" xmlns=\"http://www.w3.org/2000/svg\" p-id=\"29308\" width=\"200\" height=\"200\"><path d=\"M1004.377093 978.213216c-6.540969-6.315419-59.545374-59.319824-117.962996-117.511894l-106.008811-105.55771-0.451101-191.041409-0.676652-190.815859-4.962114 5.187665c-2.932159 2.706608-6.089868 4.962115-7.443172 4.962114-1.127753 0-2.255507 1.578855-2.255507 3.38326s-1.578855 3.38326-3.38326 3.38326-4.285463 2.029956-5.638766 4.511013-20.976211 22.780617-43.531278 45.110133c-57.96652 57.515419-66.762996 66.086344-121.120705 120.669603-26.614978 26.614978-50.072247 48.493392-51.876652 48.493392s-40.82467-37.44141-86.385903-83.453744l-83.002643-83.453745 94.280176-94.505727c90.896916-91.122467 154.502203-155.855507 164.426432-167.35859 4.511013-5.187665 26.614978-27.29163 35.411454-35.411454 2.255507-2.255507 20.750661-20.074009 40.824669-39.922467 20.299559-19.848458 42.403524-41.275771 48.944494-47.365638 6.76652-6.315419 13.75859-13.75859 15.562995-16.239648 1.804405-2.706608 6.089868-5.638767 9.473128-6.540969 5.864317-1.353304 12.630837 5.187665 95.63348 88.415859 49.170044 49.621145 99.693392 100.595595 112.324229 113.677533 12.405286 12.856388 24.810573 24.585022 27.29163 25.938326 2.255507 1.353304 5.187665 5.864317 6.089868 10.14978 2.706608 12.179736 1.127753 715.672247-1.578855 716.348898-1.127753 0.451101-7.443172-4.511013-13.98414-11.051982z\" fill=\"#EB8903\" p-id=\"29309\"></path><path d=\"M58.643172 630.865198V271.337445l119.54185-119.767401 119.54185-119.767401 9.473128 8.345375c13.984141 12.179736 225.099559 223.520705 225.099559 225.099559 0 0.676652-38.118062 39.245815-84.581497 85.483701l-84.581498 84.355947-29.547137-29.321586c-16.465198-16.239648-30.67489-29.547137-31.802643-29.772687-1.353304-0.225551-2.029956 76.236123-1.804405 187.432599l0.225551 188.109251-119.090749 119.316299c-65.409692 65.635242-119.767401 119.3163-120.669604 119.3163-1.127753 0-1.804405-161.719824-1.804405-359.302203z\" fill=\"#367FB0\" p-id=\"29310\"></path><path d=\"M365.16652 618.685463c-0.225551-1.353304-0.225551-65.860793 0.22555-161.945375 0-5.864317 8.119824 1.578855 83.453745 76.687225 45.786784 45.786784 83.002643 83.679295 82.551542 83.904846-1.578855 1.804405-166.005286 2.932159-166.230837 1.353304z\" fill=\"#367FB0\" p-id=\"29311\"></path></svg>', '人人都是产品经理', 78, 1, 0);
INSERT INTO `lylme_links` VALUES (109, 'reddit', 8, 'https://www.reddit.com', '<svg t=\"1723814712885\" class=\"icon\" viewBox=\"0 0 1024 1024\" version=\"1.1\" xmlns=\"http://www.w3.org/2000/svg\" p-id=\"30297\" width=\"200\" height=\"200\"><path d=\"M661.845333 682.666667C626.773333 682.666667 597.333333 654.208 597.333333 619.136c0-35.072 29.44-64.469333 64.512-64.469333 35.072 0 63.488 29.397333 63.488 64.469333S696.917333 682.666667 661.845333 682.666667m12.928 125.824c-34.432 30.165333-87.466667 44.842667-162.261333 44.842666h-1.066667c-74.752 0-127.786667-14.677333-162.176-44.842666a21.674667 21.674667 0 0 1 0-33.536 29.738667 29.738667 0 0 1 38.186667 0c23.722667 20.821333 64.298667 30.976 123.989333 30.976h1.066667c59.733333 0 100.309333-10.154667 124.074667-30.976a29.696 29.696 0 0 1 38.186666 0 21.76 21.76 0 0 1 0 33.536M298.666667 619.093333C298.666667 584.106667 328.106667 554.666667 363.136 554.666667c35.072 0 63.530667 29.44 63.530667 64.469333A63.573333 63.573333 0 0 1 363.136 682.666667C328.106667 682.666667 298.666667 654.208 298.666667 619.136M853.333333 170.666667a42.709333 42.709333 0 0 1 0 85.333333c-23.509333 0-42.666667-19.157333-42.666666-42.666667 0-23.509333 19.157333-42.666667 42.666666-42.666666m170.666667 353.024c0-70.613333-55.210667-128-123.050667-128-29.397333 0-56.362667 10.752-77.568 28.714666-75.008-49.066667-170.24-78.634667-272.341333-84.906666l53.248-175.146667 146.346667 35.84c3.84 55.466667 48.384 99.328 102.613333 99.328 56.746667 0 102.912-48.042667 102.912-107.093333S909.994667 85.333333 853.248 85.333333c-39.68 0-74.197333 23.466667-91.349333 57.813334L591.786667 101.546667a27.818667 27.818667 0 0 0-33.024 19.541333l-66.133334 217.429333c-109.994667 2.773333-213.376 32.426667-293.930666 84.394667a119.466667 119.466667 0 0 0-75.690667-27.221333C55.210667 395.648 0 453.12 0 523.690667c0 43.648 21.12 82.261333 53.290667 105.386666a233.728 233.728 0 0 0-2.048 30.72c0 88.234667 49.28 170.368 138.837333 231.125334C275.882667 949.248 389.504 981.333333 509.909333 981.333333s234.026667-32.085333 319.872-90.410666c89.514667-60.757333 138.837333-142.890667 138.837334-231.125334 0-9.429333-0.64-18.773333-1.706667-28.074666A129.28 129.28 0 0 0 1024 523.690667\" fill=\"#FF4500\" p-id=\"30298\"></path></svg>', 'reddit', 79, 1, 0);
INSERT INTO `lylme_links` VALUES (110, 'IT教程吧', 5, 'https://www.itjc8.com', '<svg t=\"1723814772327\" class=\"icon\" viewBox=\"0 0 1024 1024\" version=\"1.1\" xmlns=\"http://www.w3.org/2000/svg\" p-id=\"31288\" width=\"200\" height=\"200\"><path d=\"M813.530332 0.000787H210.469668A209.917709 209.917709 0 0 0 0.000787 210.469668v603.060664a209.917709 209.917709 0 0 0 210.468881 210.468881h603.060664a209.917709 209.917709 0 0 0 210.50825-210.50825V210.469668A209.917709 209.917709 0 0 0 813.530332 0.000787zM335.625031 765.735865H213.343635V258.264135h122.281396zM867.545166 358.971093h-137.792944V765.735865h-122.163288V358.971093H470.46527V258.264135h398.221609z\" fill=\"#318BD9\" p-id=\"31289\"></path></svg>', 'https://www.itjc8.com', 80, 1, 0);
INSERT INTO `lylme_links` VALUES (111, '菜鸟教程', 5, 'https://www.runoob.com', '<svg t=\"1723814830208\" class=\"icon\" viewBox=\"0 0 1024 1024\" version=\"1.1\" xmlns=\"http://www.w3.org/2000/svg\" p-id=\"32418\" width=\"200\" height=\"200\"><path d=\"M638.213953 323.189369c-12.757475-3.061794-20.24186-16.499668-18.540863-33.509635 2.041196-19.901661 19.561462-30.107641 41.164119-24.154153 14.968771 4.252492 21.772757 18.881063 17.860465 38.102326-3.401993 16.839867-19.561462 24.494352-40.483721 19.561462z\" fill=\"#ECCB47\" p-id=\"32419\"></path><path d=\"M472.026578 1012.093023c-1.871096-0.850498-8.504983-1.530897-14.798671-1.530897-6.123588-0.1701-14.968771-0.850498-19.561462-1.871096-4.422591-0.850498-16.499668-3.231894-26.875747-5.10299-25.51495-4.93289-67.869767-17.350166-85.560133-25.004651-122.471761-53.411296-205.820598-130.466445-261.613289-242.051828-8.845183-17.690365-15.989369-32.659136-15.989369-33.509634 0-0.680399-2.381395-6.974086-5.10299-13.948173-5.443189-13.267774-17.009967-52.220598-20.071761-68.209967-1.020598-5.10299-2.381395-11.566777-2.891694-14.458471-5.953488-29.087043-7.994684-52.900997-8.164784-91.853821 0-32.659136 1.871096-60.895681 5.443189-80.797342 1.020598-5.10299 2.381395-13.948173 3.401993-19.561462 2.211296-14.118272 8.845183-38.782724 17.009967-62.086379 18.881063-54.942193 46.777409-105.972093 81.647841-149.687707 16.839867-21.092359 59.704983-63.957475 80.116943-80.116944 67.529568-53.581395 145.605316-88.281728 229.634552-102.059801 45.92691-7.484385 118.049169-7.484385 162.445183 0 21.432558 3.572093 55.452492 11.396678 71.44186 16.499668 126.554153 40.653821 234.567442 133.01794 294.952824 252.427907 23.643854 46.607309 40.82392 102.5701 47.627907 153.9402 1.020598 7.484385 2.551495 19.731561 3.572093 27.215946 2.211296 17.009967 2.211296 71.952159 0.1701 87.26113-1.020598 6.293688-2.551495 17.860465-3.572093 25.855149-11.566777 88.792027-53.581395 183.027243-113.286379 253.448505-16.499668 19.731561-56.813289 58.514286-71.101661 68.890366-6.463787 4.762791-15.649169 11.736877-20.58206 15.649169-12.757475 10.03588-45.756811 29.597342-69.740864 41.33422-54.772093 26.535548-107.162791 41.504319-168.398671 47.968106-22.283056 2.381395-85.730233 3.401993-90.152824 1.360797z m334.926246-226.232558c11.906977-4.592691 20.24186-13.607973 23.813953-26.025249 2.381395-8.334884 2.721595-31.128239 2.721595-211.944186 0-179.28505-0.340199-202.418605-2.551495-201.568106s-2.551495-3.061794-2.551495-29.257143c0-38.102326-3.231894-51.3701-15.13887-64.127575-10.546179-11.396678 14.968771-10.546179-297.844519-11.056478-202.928904-0.340199-285.087043 0-290.019933 1.360797-18.370764 5.10299-28.746844 19.221262-31.468439 42.865116-2.211296 18.710963-2.211296 51.880399 0 53.241196 2.721595 1.700997 1.871096 5.443189-1.360797 6.293688-2.211296 0.680399-3.572093 3.061794-4.252492 7.484385-0.680399 3.742193-1.190698 92.02392-1.190697 196.295017 0 218.918272-0.1701 215.686379 13.267774 228.443854 2.721595 2.551495 8.675083 6.123588 13.267774 7.994684 8.164784 3.231894 16.669767 3.231894 296.143521 3.401993 285.767442 0 287.978738 0 297.16412-3.401993z\" fill=\"#90C751\" p-id=\"32420\"></path><path d=\"M762.89701 322.67907c-11.056478-5.27309-16.159468-14.628571-16.159468-29.427243 0-14.458472 6.463787-23.813953 19.391362-27.896345 8.334884-2.721595 21.602658-1.190698 28.746844 3.231893 8.504983 5.27309 11.396678 11.736877 11.396677 25.174751 0 13.948173-3.572093 21.942857-11.566777 26.535548-7.314286 4.252492-24.834551 5.443189-31.808638 2.381396z\" fill=\"#DA575D\" p-id=\"32421\"></path><path d=\"M701.49103 323.699668c-2.041196-0.340199-6.633887-3.231894-10.20598-6.293688-6.293688-5.443189-6.293688-5.613289-7.144186-20.24186-0.680399-12.757475-0.340199-15.30897 2.891694-20.411961 4.93289-8.164784 12.757475-11.396678 27.045847-11.396677 21.092359 0 29.937542 10.03588 28.746844 31.978737-0.680399 11.396678-1.190698 12.927575-6.463787 18.370764-7.824585 7.994684-20.24186 10.886379-34.870432 7.994685z\" fill=\"#21A6AF\" p-id=\"32422\"></path><path d=\"M446.511628 688.903654c-0.340199-0.510299 18.540864-53.411296 42.014618-117.36877 23.303654-64.127575 43.035216-118.389369 43.715614-120.770764 1.190698-4.082392 2.041196-4.252492 15.47907-4.762791 18.030565-0.680399 19.221262-0.1701 16.839867 5.953488-1.020598 2.551495-20.58206 55.962791-43.375415 118.729568s-42.014618 115.157475-42.865116 116.518273c-1.190698 2.041196-4.93289 2.551495-16.499668 2.551495-8.164784 0-14.968771-0.340199-15.30897-0.850499zM349.554817 607.085714c-39.293023-21.602658-73.142857-40.313621-75.354153-41.674418-2.551495-1.700997-3.742193-4.082392-3.742192-7.994685 0-5.443189 0.680399-5.953488 22.453156-17.690365 12.417276-6.633887 46.607309-25.174751 76.034551-41.16412 29.427243-15.819269 53.921595-28.576744 54.601994-28.236545 1.360797 0.850498 0.850498 33.849834-0.680399 36.23123-0.510299 0.850498-20.922259 12.587375-45.246512 26.025249s-44.225914 25.34485-44.225913 26.365448 2.891694 3.231894 6.463787 4.762791c3.401993 1.530897 23.984053 12.587375 45.416612 24.664452 36.231229 20.071761 39.122924 21.942857 38.952823 26.195349 0 2.551495-0.1701 10.716279-0.340199 18.200664s-0.850498 13.607973-1.530897 13.607974c-0.850498 0-33.509635-17.690365-72.802658-39.293024zM597.049834 628.007973v-18.370764l45.92691-25.34485c25.34485-13.948173 45.246512-26.025249 44.566113-26.705648s-21.262458-12.247176-45.416611-25.68505l-44.225914-24.324252-0.510299-19.221263c-0.1701-10.886379 0.1701-18.881063 1.020598-18.540864 0.850498 0.1701 35.380731 18.881063 76.71495 41.16412 47.117608 25.51495 75.354153 41.844518 76.034552 43.885714 0.510299 1.700997 0.510299 4.422591 0 6.123588-0.510299 1.530897-13.778073 9.865781-29.597342 18.540864-15.649169 8.675083-49.328904 27.215947-75.013954 41.16412-25.68505 14.118272-47.287708 25.68505-47.968106 25.68505-0.850498 0-1.530897-8.334884-1.530897-18.370765zM508.598007 345.302326l-320.637874-0.850499-0.510299-23.813953c-0.680399-32.659136 1.700997-51.3701 7.654485-62.426578 5.27309-9.865781 14.458472-17.009967 25.174751-20.071761 4.93289-1.360797 88.451827-1.700997 295.122923-1.360797 265.015282 0.510299 288.659136 0.680399 293.421927 3.401993 11.056478 6.123588 19.391362 18.881063 22.793356 35.380731 2.551495 11.396678 1.871096 70.251163-0.680399 70.421262-0.850498 0.1701-145.945515-0.1701-322.33887-0.680398z m153.089701-29.767442c2.381395-1.190698 5.613289-3.572093 7.144186-5.44319 3.231894-3.572093 5.953488-14.628571 5.10299-21.262458-0.850498-6.803987-10.20598-15.989369-18.710964-18.200665-17.350166-4.762791-34.019934 12.587375-29.257143 30.107642 4.082392 15.47907 20.752159 22.283056 35.720931 14.798671z m57.833887 2.551495c14.458472-4.082392 22.453156-21.262458 15.819269-34.019934-8.845183-17.009967-33.339535-18.200664-43.205316-2.211295-3.061794 4.93289-3.572093 7.484385-2.721595 15.479069 0.850498 8.504983 1.700997 10.37608 7.144187 15.138871 5.613289 4.762791 8.675083 6.123588 15.30897 7.144186 1.020598 0 4.422591-0.680399 7.654485-1.530897z m70.591362-3.231894c10.20598-5.783389 14.288372-23.133555 7.824585-32.999335-9.525581-14.628571-28.236545-16.159468-39.293024-3.401994-8.675083 9.865781-8.845183 21.262458-0.510299 31.298339 8.675083 10.20598 20.071761 12.077076 31.978738 5.10299z\" fill=\"#2F4C5A\" p-id=\"32423\"></path></svg>', '菜鸟教程', 81, 1, 0);
INSERT INTO `lylme_links` VALUES (112, 'processon', 4, 'https://www.processon.com/diagrams', '<svg t=\"1723815130624\" class=\"icon\" viewBox=\"0 0 1024 1024\" version=\"1.1\" xmlns=\"http://www.w3.org/2000/svg\" p-id=\"33448\" width=\"200\" height=\"200\"><path d=\"M852.787 1022.362H171.213c-93.799 0-169.575-75.776-169.575-169.575V171.213c0-93.799 75.776-169.575 169.575-169.575h681.574c93.799 0 169.575 75.776 169.575 169.575v681.574c0 93.799-75.776 169.575-169.575 169.575z\" fill=\"#067BEF\" p-id=\"33449\"></path><path d=\"M553.78 506.675c0 173.261-105.268 272.384-247.809 272.384-145.817 0-237.977-111.411-237.977-263.373 0-158.924 99.942-270.745 245.35-270.745 151.552 0.41 240.435 114.688 240.435 261.734z m-385.844 7.783c0 105.267 52.838 188.825 143.36 188.825 91.34 0 142.54-84.377 142.54-192.512 0-97.485-48.332-189.645-142.54-189.645-93.389 0-143.36 86.836-143.36 193.332z m449.74-6.144c0-43.008-0.818-79.053-2.866-111.412h82.739l4.505 56.116h2.458c15.974-29.082 56.934-64.308 118.784-64.308 65.126 0 132.71 42.19 132.71 160.564v221.593h-94.208V559.923c0-53.657-20.07-94.208-71.27-94.208-37.683 0-63.488 27.034-73.728 55.296-2.867 8.602-3.686 20.07-3.686 30.72v219.546h-95.028l-0.41-262.963z\" fill=\"#FFFFFF\" p-id=\"33450\"></path></svg>', 'processon', 82, 1, 0);
INSERT INTO `lylme_links` VALUES (113, '爱达杂货铺', 13, 'https://adzhp.xyz/', '<svg t=\"1723819020480\" class=\"icon\" viewBox=\"0 0 1024 1024\" version=\"1.1\" xmlns=\"http://www.w3.org/2000/svg\" p-id=\"3798\" width=\"200\" height=\"200\"><path d=\"M838.485333 589.653333a65.194667 65.194667 0 0 1-65.194666-65.365333 64.682667 64.682667 0 0 1-19.285334 46.250667 63.829333 63.829333 0 0 1-46.08 19.114666 65.194667 65.194667 0 0 1-65.365333-65.365333 65.194667 65.194667 0 0 1-19.114667 46.250667 64.170667 64.170667 0 0 1-46.08 19.114666A65.194667 65.194667 0 0 1 512 524.288a65.194667 65.194667 0 0 1-19.114667 46.250667 64.512 64.512 0 0 1-46.250666 19.114666 65.194667 65.194667 0 0 1-65.194667-65.365333 65.194667 65.194667 0 0 1-19.114667 46.250667 64.512 64.512 0 0 1-46.250666 19.114666 65.365333 65.365333 0 0 1-65.365334-65.365333A65.365333 65.365333 0 0 1 187.733333 589.653333a58.538667 58.538667 0 0 1-21.162666-3.242666V899.413333h690.517333V586.752a67.242667 67.242667 0 0 1-18.602667 2.901333z\" fill=\"#EDF4FF\" p-id=\"3799\"></path><path d=\"M512 833.024a3334.826667 3334.826667 0 0 1-345.088-17.066667v83.456h690.176v-84.138666A3334.826667 3334.826667 0 0 1 512 833.024z\" fill=\"#D8E3F0\" p-id=\"3800\"></path><path d=\"M331.264 240.298667h60.074667v81.066666h-60.074667zM692.906667 321.365333h-60.074667v-81.066666h60.074667z\" fill=\"#FCFEFF\" p-id=\"3801\"></path><path d=\"M280.234667 657.237333H489.813333v130.218667H280.234667z\" fill=\"#96DDFF\" p-id=\"3802\"></path><path d=\"M395.434667 657.237333l-41.130667 130.218667H307.2l41.130667-130.218667h47.104zM500.565333 657.237333l-6.997333 130.218667h-81.237333l41.130666-130.218667h47.104z\" fill=\"#69BAF9\" p-id=\"3803\"></path><path d=\"M599.04 657.237333h144.725333V899.413333H599.04z\" fill=\"#96DDFF\" p-id=\"3804\"></path><path d=\"M599.04 848.896v51.2h144.725333v-58.197333c-47.616 3.242667-95.232 5.802667-144.725333 6.997333z\" fill=\"#69BAF9\" p-id=\"3805\"></path><path d=\"M274.090667 124.586667h475.989333v115.712H274.090667z\" fill=\"#FFC670\" p-id=\"3806\"></path><path d=\"M749.909333 124.586667v115.712H496.469333l31.061334-115.712h222.378666z\" fill=\"#FFA742\" p-id=\"3807\"></path><path d=\"M904.533333 524.288a65.365333 65.365333 0 1 1-130.56 0z\" fill=\"#D8E3F0\" p-id=\"3808\"></path><path d=\"M903.850667 524.288h-130.56l-37.376-202.922667h111.957333l55.978667 202.922667z\" fill=\"#FCFEFF\" p-id=\"3809\"></path><path d=\"M773.290667 524.288a65.365333 65.365333 0 0 1-130.730667 0z\" fill=\"#F0504D\" p-id=\"3810\"></path><path d=\"M773.290667 524.288h-130.730667l-18.602667-202.922667h111.957334l37.376 202.922667z\" fill=\"#F6716F\" p-id=\"3811\"></path><path d=\"M642.56 524.288a65.365333 65.365333 0 1 1-130.56 0z\" fill=\"#D8E3F0\" p-id=\"3812\"></path><path d=\"M642.56 524.288H512V321.365333h111.957333l18.602667 202.922667z\" fill=\"#FCFEFF\" p-id=\"3813\"></path><path d=\"M512 524.288a65.365333 65.365333 0 1 1-130.56 0z\" fill=\"#F0504D\" p-id=\"3814\"></path><path d=\"M512 321.365333v202.922667h-130.56l18.602667-202.922667H512z\" fill=\"#F6716F\" p-id=\"3815\"></path><path d=\"M381.44 524.288a65.365333 65.365333 0 0 1-130.730667 0z\" fill=\"#D8E3F0\" p-id=\"3816\"></path><path d=\"M400.042667 321.365333l-18.602667 202.922667h-130.730667l37.376-202.922667h111.957334z\" fill=\"#FCFEFF\" p-id=\"3817\"></path><path d=\"M250.709333 524.288A65.365333 65.365333 0 0 1 187.733333 589.653333a68.266667 68.266667 0 0 1-68.266666-65.365333z\" fill=\"#F0504D\" p-id=\"3818\"></path><path d=\"M288.085333 321.365333l-37.376 202.922667H120.32a18.602667 18.602667 0 0 1 0-3.072l55.978667-199.850667z\" fill=\"#F6716F\" p-id=\"3819\"></path><path d=\"M506.88 771.072v-113.834667a17.066667 17.066667 0 0 0-17.066667-17.066666H280.234667a17.066667 17.066667 0 0 0-17.066667 17.066666v113.834667a17.066667 17.066667 0 0 0-13.824 17.066667 17.066667 17.066667 0 0 0 17.066667 17.066666h237.397333a17.066667 17.066667 0 0 0 17.066667-17.066666 17.066667 17.066667 0 0 0-13.994667-17.066667z m-138.922667 0h-70.656v-96.768h70.656z m104.789334 0h-70.656v-96.768h70.656zM657.408 787.456a20.992 20.992 0 1 0-20.992-20.992 20.992 20.992 0 0 0 20.992 20.992z\" fill=\"#3D3D63\" p-id=\"3820\"></path><path d=\"M921.6 882.346667h-47.445333V598.357333A81.408 81.408 0 0 0 921.6 524.288a18.602667 18.602667 0 0 0 0-4.437333l-55.978667-203.093334a17.066667 17.066667 0 0 0-17.066666-12.458666h-138.752v-46.933334h40.106666a17.066667 17.066667 0 0 0 17.066667-17.066666V124.586667a17.066667 17.066667 0 0 0-17.066667-17.066667H274.090667a17.066667 17.066667 0 0 0-17.066667 17.066667v115.712a17.066667 17.066667 0 0 0 17.066667 17.066666h40.106666v46.933334h-138.069333a17.066667 17.066667 0 0 0-17.066667 12.458666L103.765333 516.778667a18.602667 18.602667 0 0 0 0 4.437333 87.04 87.04 0 0 0 26.794667 62.634667 79.018667 79.018667 0 0 0 19.285333 13.482666v285.013334H102.4a17.066667 17.066667 0 0 0 0 34.133333h819.2a17.066667 17.066667 0 0 0 0-34.133333zM649.728 300.885333v-40.106666h25.941333v40.106666z m-358.4-159.232h441.514667v81.578667H291.157333z m83.114667 119.466667v40.106667h-26.112v-40.448z m34.133333-3.413333h207.018667v46.933333H408.405333z m318.122667 624.64H616.106667V674.304h110.592z m113.322666 0h-79.189333V657.237333a17.066667 17.066667 0 0 0-17.066667-17.066666H599.04a17.066667 17.066667 0 0 0-17.066667 17.066666V882.346667H183.978667V606.378667h4.778666a81.066667 81.066667 0 0 0 54.784-24.064 64.853333 64.853333 0 0 0 7.168-8.192 82.432 82.432 0 0 0 65.365334 32.256 80.896 80.896 0 0 0 58.197333-24.064 104.789333 104.789333 0 0 0 7.168-8.021334 82.432 82.432 0 0 0 65.194667 32.085334 81.066667 81.066667 0 0 0 58.197333-24.064 82.090667 82.090667 0 0 0 7.168-8.192 82.432 82.432 0 0 0 65.365333 32.256 81.066667 81.066667 0 0 0 58.026667-24.064 82.090667 82.090667 0 0 0 7.168-8.192 82.432 82.432 0 0 0 65.365333 32.256 81.066667 81.066667 0 0 0 58.197334-24.064 104.789333 104.789333 0 0 0 7.168-8.021334 82.090667 82.090667 0 0 0 65.194666 32.085334h1.536z m-1.536-309.76a48.298667 48.298667 0 0 1-48.128-48.298667 17.066667 17.066667 0 0 0-34.133333 0 48.128 48.128 0 0 1-14.336 34.133333 47.104 47.104 0 0 1-34.133333 13.994667 48.298667 48.298667 0 0 1-48.298667-48.298667 17.066667 17.066667 0 0 0-34.133333 0 48.298667 48.298667 0 0 1-48.128 48.298667A48.298667 48.298667 0 0 1 529.066667 524.288a17.066667 17.066667 0 0 0-34.133334 0 48.298667 48.298667 0 1 1-96.426666 0 17.066667 17.066667 0 0 0-34.133334 0 48.298667 48.298667 0 1 1-96.597333 0 17.066667 17.066667 0 0 0-34.133333 0A48.128 48.128 0 0 1 187.733333 572.586667a47.104 47.104 0 0 1-34.133333-13.312 52.565333 52.565333 0 0 1-16.213333-35.84l51.2-185.002667h78.506666l-20.309333 110.762667a17.066667 17.066667 0 0 0 13.653333 19.797333h3.072a17.066667 17.066667 0 0 0 17.066667-13.994667l21.504-116.906666h79.189333l-10.410666 112.128a17.066667 17.066667 0 0 0 15.530666 18.602666h1.536a17.066667 17.066667 0 0 0 17.066667-15.530666l10.581333-115.370667H494.933333v114.346667a17.066667 17.066667 0 0 0 34.133334 0v-113.834667h79.189333l10.581333 115.370667a17.066667 17.066667 0 0 0 17.066667 15.530666h1.536a17.066667 17.066667 0 0 0 15.530667-18.602666l-10.410667-112.128h79.189333l21.504 116.906666a17.066667 17.066667 0 0 0 17.066667 13.994667h3.072a17.066667 17.066667 0 0 0 13.653333-19.797333l-20.309333-110.762667h78.506667l51.2 187.733333a47.957333 47.957333 0 0 1-14.165334 32.085334 47.104 47.104 0 0 1-33.792 13.824z\" fill=\"#3D3D63\" p-id=\"3821\"></path></svg>', '爱达杂货铺', 83, 1, 0);
INSERT INTO `lylme_links` VALUES (114, '万有导航', 13, 'https://wanyouw.com/', '<svg t=\"1723816470302\" class=\"icon\" viewBox=\"0 0 1024 1024\" version=\"1.1\" xmlns=\"http://www.w3.org/2000/svg\" p-id=\"39894\" width=\"200\" height=\"200\"><path d=\"M102.4 268.8v480L512 992l409.6-243.2V268.8L512 32 102.4 268.8z m755.2 448L512 921.6l-345.6-204.8V307.2L512 102.4l345.6 204.8v409.6zM550.4 550.4v230.4c0 19.2-12.8 32-32 32s-32-12.8-32-25.6V550.4L281.6 428.8c-12.8-6.4-19.2-25.6-12.8-38.4l19.2-19.2h19.2l211.2 121.6 211.2-121.6c12.8 0 32 0 38.4 12.8 6.4 12.8 6.4 32-12.8 38.4l-204.8 128z\" fill=\"#339579\" p-id=\"39895\"></path><path d=\"M512 998.4l-416-243.2V268.8L512 25.6h6.4l416 243.2v486.4L512 998.4z m-403.2-249.6L512 985.6l403.2-236.8V275.2L512 38.4 108.8 275.2v473.6zM512 928l-352-211.2V300.8L512 96h6.4l345.6 204.8v416h-6.4L512 928z m-339.2-211.2L512 915.2l339.2-204.8V307.2L512 108.8 172.8 307.2v409.6z m345.6 102.4c-6.4 0-19.2-6.4-25.6-12.8-6.4-6.4-12.8-12.8-12.8-25.6V550.4L275.2 435.2c-6.4-6.4-12.8-12.8-12.8-25.6-6.4-6.4-6.4-19.2 0-25.6l19.2-19.2c6.4 0 19.2 0 25.6 6.4L512 486.4l204.8-115.2c25.6-12.8 51.2-6.4 57.6 12.8 12.8 19.2 6.4 38.4-12.8 51.2L556.8 550.4v230.4c0 19.2-19.2 38.4-38.4 38.4zM294.4 377.6c-12.8 6.4-19.2 6.4-19.2 12.8-6.4 12.8 0 25.6 6.4 32l211.2 121.6v236.8c0 6.4 0 12.8 6.4 19.2 12.8 0 12.8 6.4 19.2 6.4 12.8 0 25.6-12.8 25.6-25.6V544h6.4l211.2-121.6c6.4 0 6.4-19.2 0-25.6-6.4-12.8-19.2-19.2-32-12.8L518.4 505.6 307.2 384c-6.4 0-6.4-6.4-12.8-6.4z m249.6 172.8z\" fill=\"#339579\" p-id=\"39896\"></path></svg>', '万有导航', 84, 1, 0);
INSERT INTO `lylme_links` VALUES (115, '摸鱼导航', 13, 'https://moyu.games/', '<svg t=\"1723816389725\" class=\"icon\" viewBox=\"0 0 1024 1024\" version=\"1.1\" xmlns=\"http://www.w3.org/2000/svg\" p-id=\"35636\" width=\"200\" height=\"200\"><path d=\"M181.169 170.667a118.154 118.154 0 1 0 236.308 0 118.154 118.154 0 1 0-236.308 0zM661.662 966.236H357.087c-173.292 0-315.077-141.785-315.077-315.077v-10.503c0-173.292 141.785-315.077 315.077-315.077h304.575c173.292 0 315.076 141.785 315.076 315.077v10.503c0 175.918-141.784 315.077-315.076 315.077z\" fill=\"#FFCB24\" p-id=\"35637\"></path><path d=\"M299.323 333.456c-89.272 0-162.79-73.518-162.79-162.79 0-89.271 73.518-162.79 162.79-162.79 89.272 0 162.79 73.519 162.79 162.79 0 89.272-73.518 162.79-162.79 162.79z m0-273.066c-60.39 0-110.277 49.887-110.277 110.277s49.887 110.277 110.277 110.277S409.6 231.056 409.6 170.667c0-60.39-49.887-110.277-110.277-110.277z m225.805 698.42c-21.005 0-39.384-18.38-39.384-39.384v-52.513c0-21.005 18.38-39.385 39.384-39.385s39.385 18.38 39.385 39.385v52.513c0 21.005-15.754 39.384-39.385 39.384z m220.554-2.625c-21.005 0-39.385-18.38-39.385-39.385v-52.513c0-21.005 18.38-39.384 39.385-39.384s39.385 18.38 39.385 39.384V716.8c0 21.005-18.38 39.385-39.385 39.385z\" fill=\"#333333\" p-id=\"35638\"></path><path d=\"M669.538 1005.62H346.585c-186.42 0-336.082-154.912-336.082-349.21v-5.251c0-191.672 152.287-349.21 336.082-349.21h322.953c186.421 0 338.708 157.538 338.708 349.21 0 196.923-152.287 354.462-338.708 354.462zM349.21 351.837c-162.79 0-294.072 136.533-294.072 301.949v5.25c0 168.042 131.283 301.95 294.072 301.95h322.954c162.79 0 294.072-136.534 294.072-304.575 0-168.04-131.282-304.574-294.072-304.574H349.21z\" fill=\"#333333\" p-id=\"35639\"></path><path d=\"M204.8 572.39a94.523 89.272 0 1 0 189.046 0 94.523 89.272 0 1 0-189.046 0z\" fill=\"#FFBD29\" p-id=\"35640\"></path><path d=\"M299.323 593.395c-21.005 0-36.759-15.754-36.759-36.76v-228.43h76.144v228.43c-2.626 21.006-18.38 36.76-39.385 36.76z\" fill=\"#333333\" p-id=\"35641\"></path></svg>', '摸鱼导航', 85, 1, 0);
INSERT INTO `lylme_links` VALUES (116, '免费资源导航', 13, 'http://www.pickfree.cn/', '<svg t=\"1723816743409\" class=\"icon\" viewBox=\"0 0 1024 1024\" version=\"1.1\" xmlns=\"http://www.w3.org/2000/svg\" p-id=\"45504\" width=\"200\" height=\"200\"><path d=\"M896 384h-82.944L573.44 144.896c1.536-5.632 2.56-11.264 2.56-16.896 0-35.328-28.672-64-64-64S448 92.672 448 128c0 5.632 1.024 10.752 2.048 15.872L205.824 384H128c-38.4 0-64 25.6-64 64v384c0 38.4 25.6 64 64 64h768c38.4 0 64-25.6 64-64v-384c0-38.4-25.6-64-64-64zM284.16 569.344c-3.072 3.072-8.192 4.608-15.36 4.608H183.808v53.76h70.656c6.656 0 11.264 1.536 14.848 4.608 3.072 3.072 5.12 7.168 5.12 11.776 0 4.608-1.536 8.704-5.12 11.776-3.072 3.072-8.192 4.096-14.848 4.096H183.808v69.632c0 8.704-2.048 15.36-6.144 19.456-4.096 4.096-9.728 6.656-15.36 6.144-6.144 0-11.776-2.048-15.36-6.656-4.096-4.096-6.144-10.752-6.144-19.456v-162.304c0-5.12 0.512-10.24 2.56-14.848 1.536-3.584 4.608-6.656 8.704-8.704 4.096-1.536 8.704-2.56 14.848-2.56h101.376c6.656 0 11.776 1.536 15.36 4.608 3.584 3.072 5.12 7.168 5.12 11.776 0.512 4.608-1.536 9.216-4.608 12.288z m210.944 177.152c-2.048 2.56-4.608 5.12-7.168 6.656-3.072 1.536-6.656 2.56-10.752 2.56s-8.704-1.024-12.288-3.584c-3.072-2.048-6.144-5.12-8.704-8.704s-5.632-8.704-9.728-15.36l-17.408-28.672c-6.144-10.24-11.776-18.432-16.384-24.064-5.12-5.632-9.728-9.216-14.848-11.264-5.12-2.048-11.264-3.072-18.944-3.072h-14.848v67.584c0 8.704-2.048 15.36-6.144 19.456-4.096 4.096-9.216 6.144-15.36 6.144-6.656 0-12.288-2.048-15.872-6.656s-5.632-10.752-5.632-19.456v-162.304c0-9.216 2.048-15.872 6.144-19.968 4.096-4.096 10.752-6.144 19.968-6.144h70.144c8.192 0 16.384 0.512 24.576 1.024 6.656 0.512 12.8 2.56 18.432 5.12 13.312 5.632 24.064 16.384 29.184 29.696 2.56 6.656 4.096 14.336 4.096 22.016 0 15.872-4.608 28.16-13.312 37.376-8.704 9.216-22.528 15.872-40.448 19.968 8.192 4.608 15.872 10.752 22.016 17.92 7.168 7.68 13.312 16.384 18.432 25.088 4.608 7.68 9.216 15.872 12.8 24.064 3.072 7.168 4.608 11.776 4.608 14.848 0 4.096-1.024 7.168-2.56 9.728z m198.144 0.512c-3.584 3.072-8.704 4.608-15.36 4.608h-116.736c-9.216 0-15.872-2.048-20.48-6.144-4.096-4.096-6.144-10.752-6.144-19.968v-158.208c0-5.12 0.512-10.24 2.56-14.848 1.536-3.584 4.608-6.656 8.704-8.704 4.096-1.536 8.704-2.56 14.848-2.56h113.664c6.656 0 11.776 1.536 15.36 4.608 3.584 3.072 5.12 7.168 5.12 11.776 0 4.608-1.536 8.704-5.12 11.776-3.584 3.072-8.192 4.608-15.36 4.608h-96.768v51.712h89.088c6.656 0 11.264 1.536 14.848 4.608 3.072 3.072 5.12 7.168 5.12 11.776 0 4.608-1.536 8.704-4.608 11.776-3.072 3.072-8.192 4.608-14.848 4.608h-89.088v59.904h100.352c6.656 0 11.776 1.536 15.36 4.608 3.584 3.072 5.12 7.68 5.12 12.288-0.512 4.096-2.048 8.704-5.632 11.776zM301.056 384l194.56-194.56c5.632 1.536 11.264 2.56 16.896 2.56 5.632 0 11.264-1.024 16.384-2.048l189.44 194.048H301.056z m590.336 363.008c-3.584 3.072-8.704 4.608-15.36 4.608h-116.736c-9.216 0-15.872-2.048-19.968-6.144-4.096-4.096-6.144-10.752-6.144-19.968v-158.208c0-5.12 0.512-10.24 2.56-14.848 1.536-3.584 4.608-6.656 8.704-8.704 4.096-1.536 8.704-2.56 14.848-2.56h113.664c6.656 0 11.776 1.536 15.36 4.608 3.584 3.072 5.12 7.168 5.12 11.776 0 4.608-1.536 8.704-5.12 11.776-3.584 3.072-8.192 4.608-15.36 4.608h-96.768v51.712H865.28c6.656 0 11.264 1.536 14.848 4.608 3.072 3.072 5.12 7.168 5.12 11.776 0 4.608-1.536 8.704-4.608 11.776-3.072 3.072-8.192 4.608-14.848 4.608h-89.088v59.904h100.352c6.656 0 11.776 1.536 15.36 4.608 3.584 3.072 5.12 7.68 5.12 12.288-1.024 4.096-3.072 8.704-6.144 11.776z\" fill=\"#7997FF\" p-id=\"45505\"></path><path d=\"M451.584 606.72c0-6.144-1.536-11.264-4.608-15.36-3.072-4.608-7.168-8.192-12.288-10.24-5.12-2.048-14.848-3.072-29.696-3.072h-39.936v58.368h38.4c10.24 0 18.944-1.024 26.112-2.56 7.168-2.048 12.288-4.608 16.384-9.216 3.584-4.608 5.632-10.752 5.632-17.92z\" fill=\"#7997FF\" p-id=\"45506\"></path></svg>', '免费资源导航', 86, 1, 0);
INSERT INTO `lylme_links` VALUES (117, '程序员盒子导航', 13, 'https://www.coderutil.com/', '<svg t=\"1723816781848\" class=\"icon\" viewBox=\"0 0 1024 1024\" version=\"1.1\" xmlns=\"http://www.w3.org/2000/svg\" p-id=\"48029\" width=\"200\" height=\"200\"><path d=\"M93.718272 722.653143V328.513606l392.20644 166.050651V908.220071L93.718272 722.653143z m102.95986-182.541348l183.669669 85.400228 1.361768-84.563713-183.727007-85.404323-1.30443 84.567808z m343.349705-45.558801l390.790407-166.017886v394.141584L540.027837 908.188331V494.552994zM114.523621 281.610444l396.233382-170.712401L911.857936 281.213176l-400.677044 169.797047-396.657271-169.399779z\" fill=\"#262435\" p-id=\"48030\"></path></svg>', '程序员盒子导航', 87, 1, 0);
INSERT INTO `lylme_links` VALUES (118, '西贝导航', 13, 'https://xibel.cn/', '<svg t=\"1723816892536\" class=\"icon\" viewBox=\"0 0 1280 1024\" version=\"1.1\" xmlns=\"http://www.w3.org/2000/svg\" p-id=\"51387\" width=\"200\" height=\"200\"><path d=\"M1213.44 318.08H59.2c-58.56 0-61.504 28.544-58.368 63.424l52.48 573.184c3.2 34.88 11.52 63.36 70.016 63.36h1025.92c59.712 0 66.816-28.48 69.952-63.36l52.48-573.184c3.2-34.88 0.32-63.36-58.24-63.36z m-42.368-139.904c-7.04-28.032-41.664-50.944-76.928-50.944H660.48c-35.264 0-84.608-20.16-109.568-44.864L513.088 44.928C488.128 20.224 438.848 0 403.52 0H196.352c-35.2 0-67.328 28.48-71.168 63.232l-18.56 165.824h1077.248l-12.8-50.88z\" fill=\"#F85959\" p-id=\"51388\"></path></svg>', '西贝导航', 88, 0, 0);
INSERT INTO `lylme_links` VALUES (119, '考拉新媒体导航', 13, 'https://www.kaolamedia.com/', '<svg t=\"1723816915529\" class=\"icon\" viewBox=\"0 0 1024 1024\" version=\"1.1\" xmlns=\"http://www.w3.org/2000/svg\" p-id=\"52484\" width=\"200\" height=\"200\"><path d=\"M688 487.4H108.2c-13.3 0-24.2 10.8-24.2 24.2v316.3c0 13.3 10.8 24.2 24.2 24.2H688c13.3 0 24.2-10.8 24.2-24.2V511.6c0-13.3-10.8-24.2-24.2-24.2zM937.3 485.2H905l-181.8 122 13.4 119.7s138.1 104.3 143.6 112.4c5.5 8 47.2 15 47.2 15s6.6-217.5 9.9-233.9c3.3-16.5 0-135.2 0-135.2zM145.5 461.1l84 9.9 96.6-33 43.5-118.4-43.5-80.4-100.4-46.1-68.1 27.6-68.1 62.5L97.2 393zM488.2 452.3L595.7 471l70.3-14.3 41.7-29.7s27.3-41.7 28.5-46.1c1.2-4.4 15.4-46.1 16.5-47.7 1.1-1.7 6.6-59.6 6.6-59.6L716.5 180 632 133.8h-48.3c-3.3 0-72.3 19.5-72.3 19.5l-70.5 120.3s6.6 104 8.8 110.6 38.5 68.1 38.5 68.1z\" fill=\"#83C1FF\" p-id=\"52485\"></path><path d=\"M688 488.8H108.2C94.8 488.8 84 499.7 84 513v316.3c0 13.3 10.8 24.2 24.2 24.2H688c13.3 0 24.2-10.8 24.2-24.2V513c0-13.3-10.8-24.2-24.2-24.2zM937.3 486.6H905l-181.8 122 13.4 119.7s138.1 104.3 143.6 112.4c5.5 8 47.2 15 47.2 15s6.6-217.5 9.9-233.9c3.3-16.5 0-135.2 0-135.2zM145.5 462.5l84 9.9 96.6-33L369.6 321l-43.5-80.4-100.4-46.1-68.1 27.6-68.1 62.5 7.7 109.8zM488.2 453.7l107.6 18.7 70.3-14.3 41.7-29.7s27.3-41.7 28.5-46.1c1.2-4.4 15.4-46.1 16.5-47.7 1.1-1.7 6.6-59.6 6.6-59.6l-42.8-93.6-84.6-46.2h-48.3c-3.3 0-72.3 19.5-72.3 19.5L440.9 275s6.6 104 8.8 110.6 38.5 68.1 38.5 68.1z\" fill=\"#83C1FF\" p-id=\"52486\"></path><path d=\"M905 449.8L736.3 562.3c0-34.1-15.5-64.3-39.5-85 57.1-34.4 95.8-96.5 95.8-168.1 0-108.7-88.1-196.8-196.8-196.8-108.7 0-196.8 88.1-196.8 196.8 0 55.1 22.8 104.8 59.4 140.6H355.2c26.9-29.9 43.8-69.1 43.8-112.5 0-93.2-75.5-168.7-168.7-168.7-93.2 0-168.7 75.5-168.7 168.7 0 50.8 23 95.9 58.5 126.8-34.7 19.1-58.5 55.7-58.5 98.1v224.9c0 62.1 50.4 112.5 112.5 112.5h449.8c62.1 0 112.5-50.4 112.5-112.5V759L905 899.7c31.1 0 56.2-25.2 56.2-56.2V506.1c0.1-31.1-25.1-56.3-56.2-56.3zM104.1 337.4c0-69.7 56.5-126.1 126.1-126.1 69.7 0 126.1 56.5 126.1 126.1 0 69.7-56.5 126.1-126.1 126.1S104.1 407 104.1 337.4z m596 457.8c0 33.3-27 60.2-60.2 60.2H158c-33.3 0-60.2-27-60.2-60.2v-241c0-33.3 27-60.2 60.2-60.2h481.9c33.3 0 60.2 27 60.2 60.2v241zM595.8 459.8c-83.1 0-150.5-67.4-150.5-150.5s67.4-150.5 150.5-150.5 150.5 67.4 150.5 150.5-67.4 150.5-150.5 150.5z m324.1 395.9L739 704.9v-90.5l180.9-120.6v361.9zM905 843.4\" fill=\"#FFFFFF\" p-id=\"52487\"></path><path d=\"M263.7 757.5H234c-21.1 0-38.2-17.1-38.2-38.2v-88.8c0-10.5-8.5-19.1-19.1-19.1-10.5 0-19.1 8.5-19.1 19.1v88.8c0 42.2 34.2 76.4 76.4 76.4h29.7c10.5 0 19.1-8.5 19.1-19.1 0-10.6-8.6-19.1-19.1-19.1z\" fill=\"#FFFFFF\" p-id=\"52488\"></path><path d=\"M707.8 602.6a4.4 1.1 0 1 0 8.8 0 4.4 1.1 0 1 0-8.8 0Z\" fill=\"#FFFFFF\" p-id=\"52489\"></path><path d=\"M332 778m-19.5 0a19.5 19.5 0 1 0 39 0 19.5 19.5 0 1 0-39 0Z\" fill=\"#FFFFFF\" p-id=\"52490\"></path></svg>', '考拉新媒体导航', 89, 0, 0);
INSERT INTO `lylme_links` VALUES (120, 'cooltools', 13, 'https://cooltools.top/', '<svg t=\"1723816937279\" class=\"icon\" viewBox=\"0 0 1024 1024\" version=\"1.1\" xmlns=\"http://www.w3.org/2000/svg\" p-id=\"53715\" width=\"200\" height=\"200\"><path d=\"M500.3 532c-43.3 0-78.6-35.2-78.6-78.6H370c0 3.6 0.1 7.2 0.4 10.7 5.5 66.9 61.6 119.7 129.9 119.7 66.6 0 121.7-50.2 129.4-114.7 0.6-5.1 0.9-10.4 0.9-15.7h-51.8c0.1 43.3-35.2 78.6-78.5 78.6z\" fill=\"#A1AFFF\" p-id=\"53716\"></path><path d=\"M847.1 869.3H153.5c-27.8 0-50.4-22.6-50.4-50.4V298c0-27.8 22.6-50.4 50.4-50.4h693.7c27.8 0 50.4 22.6 50.4 50.4v520.9c0 27.8-22.6 50.4-50.5 50.4z m-683.5-60.5h673.5V308.1H163.6v500.7z\" fill=\"#4A5FE2\" p-id=\"53717\"></path><path d=\"M144.7 430.7H856v60.5H144.7zM341.6 294.5h-60.5v-102c0-27.2 22.1-49.3 49.3-49.3h339.8c27.2 0 49.3 22.1 49.3 49.3v95.3H659v-84.1H341.6v90.8z\" fill=\"#4A5FE2\" p-id=\"53718\"></path></svg>', 'cooltools', 90, 0, 0);
INSERT INTO `lylme_links` VALUES (121, '孟坤工具箱', 4, 'https://tool.mkblog.cn/', '<svg t=\"1723818421912\" class=\"icon\" viewBox=\"0 0 1240 1024\" version=\"1.1\" xmlns=\"http://www.w3.org/2000/svg\" p-id=\"56887\" width=\"200\" height=\"200\"><path d=\"M538.666667 512l216 0 0 80.8-216 0 0-80.8Z\" fill=\"#FFFD00\" p-id=\"56888\"></path><path d=\"M810.666667 621.333333a26.666667 26.666667 0 0 1-26.666667 26.666667H512a26.666667 26.666667 0 0 1-26.666667-26.666667v-29.333333H109.333333v378.666667a53.333333 53.333333 0 0 0 53.333334 53.333333h970.666666a53.333333 53.333333 0 0 0 53.333334-53.333333V592H810.666667zM1186.666667 162.666667h-242.666667V26.666667a26.666667 26.666667 0 0 0-26.666667-26.666667H352a26.666667 26.666667 0 0 0-26.666667 26.666667v136H106.666667a53.333333 53.333333 0 0 0-53.333334 53.333333v269.333333a53.333333 53.333333 0 0 0 53.333334 53.333334h378.666666v-53.333334a26.666667 26.666667 0 0 1 26.666667-26.666666h272a26.666667 26.666667 0 0 1 26.666667 26.666666v53.333334h376a53.333333 53.333333 0 0 0 53.333333-53.333334V216a53.333333 53.333333 0 0 0-53.333333-53.333333z m-288-26.666667a26.666667 26.666667 0 0 1-26.666667 26.666667H413.333333a26.666667 26.666667 0 0 1-26.666666-26.666667v-53.333333a26.666667 26.666667 0 0 1 26.666666-26.666667h458.666667a26.666667 26.666667 0 0 1 26.666667 26.666667z\" fill=\"#FFFD00\" p-id=\"56889\"></path><path d=\"M754.666667 621.333333a26.666667 26.666667 0 0 1-26.666667 26.666667H458.666667a26.666667 26.666667 0 0 1-26.666667-26.666667v-29.333333H53.333333v378.666667a53.333333 53.333333 0 0 0 53.333334 53.333333h973.333333a53.333333 53.333333 0 0 0 53.333333-53.333333V592H754.666667z\" fill=\"#FF5F25\" p-id=\"56890\"></path><path d=\"M485.333333 512l216 0 0 80.8-216 0 0-80.8Z\" fill=\"#FF5F25\" p-id=\"56891\"></path><path d=\"M1133.333333 162.666667h-242.666666V26.666667a26.666667 26.666667 0 0 0-26.666667-26.666667H296a26.666667 26.666667 0 0 0-26.666667 26.666667v136H53.333333a53.333333 53.333333 0 0 0-53.333333 53.333333v269.333333a53.333333 53.333333 0 0 0 53.333333 53.333334h378.666667v-53.333334a26.666667 26.666667 0 0 1 26.666667-26.666666h269.333333a26.666667 26.666667 0 0 1 26.666667 26.666666v53.333334h378.666666a53.333333 53.333333 0 0 0 53.333334-53.333334V216a53.333333 53.333333 0 0 0-53.333334-53.333333z m-290.666666-26.666667a26.666667 26.666667 0 0 1-26.666667 26.666667H357.333333a26.666667 26.666667 0 0 1-26.666666-26.666667v-53.333333a26.666667 26.666667 0 0 1 26.666666-26.666667h458.666667a26.666667 26.666667 0 0 1 26.666667 26.666667z\" fill=\"#FF5F25\" p-id=\"56892\"></path><path d=\"M512 512l216 0 0 80.8-216 0 0-80.8Z\" fill=\"#3D5AFE\" p-id=\"56893\"></path><path d=\"M781.333333 621.333333a26.666667 26.666667 0 0 1-26.666666 26.666667H485.333333a26.666667 26.666667 0 0 1-26.666666-26.666667v-29.333333H82.666667v378.666667a53.333333 53.333333 0 0 0 53.333333 53.333333h970.666667a53.333333 53.333333 0 0 0 53.333333-53.333333V592H781.333333zM1160 162.666667h-242.666667V26.666667a26.666667 26.666667 0 0 0-26.666666-26.666667H322.666667a26.666667 26.666667 0 0 0-26.666667 26.666667v136H80a53.333333 53.333333 0 0 0-53.333333 53.333333v269.333333a53.333333 53.333333 0 0 0 53.333333 53.333334h378.666667v-53.333334a26.666667 26.666667 0 0 1 26.666666-26.666666h269.333334a26.666667 26.666667 0 0 1 26.666666 26.666666v53.333334h378.666667a53.333333 53.333333 0 0 0 53.333333-53.333334V216a53.333333 53.333333 0 0 0-53.333333-53.333333z m-293.333333-26.666667a26.666667 26.666667 0 0 1-26.666667 26.666667H381.333333a26.666667 26.666667 0 0 1-26.666666-26.666667v-53.333333a26.666667 26.666667 0 0 1 26.666666-26.666667h458.666667a26.666667 26.666667 0 0 1 26.666667 26.666667z\" fill=\"#3D5AFE\" p-id=\"56894\"></path><path d=\"M837.333333 538.666667v-26.666667a1008 1008 0 0 1 80-394.666667v45.333334h242.666667a53.333333 53.333333 0 0 1 53.333333 53.333333v269.333333a53.333333 53.333333 0 0 1-53.333333 53.333334z m2.666667 53.333333h320v378.666667a53.333333 53.333333 0 0 1-53.333333 53.333333h-130.666667a1005.333333 1005.333333 0 0 1-136-432z\" fill=\"#0023E8\" p-id=\"56895\"></path></svg>', '孟坤工具箱', 91, 1, 0);
INSERT INTO `lylme_links` VALUES (122, '记灵工具集', 4, 'https://remeins.com/', '<svg t=\"1723818435439\" class=\"icon\" viewBox=\"0 0 1024 1024\" version=\"1.1\" xmlns=\"http://www.w3.org/2000/svg\" p-id=\"57042\" width=\"200\" height=\"200\"><path d=\"M0 0h1024v1024H0V0z\" fill=\"#202425\" opacity=\".01\" p-id=\"57043\"></path><path d=\"M256 170.666667A119.466667 119.466667 0 0 1 375.466667 51.2h273.066666A119.466667 119.466667 0 0 1 768 170.666667v170.666666a85.333333 85.333333 0 0 1-85.333333 85.333334H341.333333A85.333333 85.333333 0 0 1 256 341.333333V170.666667z m119.466667-17.066667a17.066667 17.066667 0 0 0-17.066667 17.066667v153.6h307.2V170.666667a17.066667 17.066667 0 0 0-17.066667-17.066667h-273.066666zM68.266667 614.4a34.133333 34.133333 0 0 1 34.133333-34.133333h819.2a34.133333 34.133333 0 0 1 34.133333 34.133333v204.8a136.533333 136.533333 0 0 1-136.533333 136.533333H204.8a136.533333 136.533333 0 0 1-136.533333-136.533333v-204.8z\" fill=\"#FF7744\" p-id=\"57044\"></path><path d=\"M68.266667 375.466667a136.533333 136.533333 0 0 1 136.533333-136.533334h614.4a136.533333 136.533333 0 0 1 136.533333 136.533334v136.533333a34.133333 34.133333 0 0 1-34.133333 34.133333H102.4a34.133333 34.133333 0 0 1-34.133333-34.133333v-136.533333z\" fill=\"#FFAA44\" p-id=\"57045\"></path><path d=\"M375.466667 512a34.133333 34.133333 0 0 1 34.133333-34.133333h204.8a34.133333 34.133333 0 0 1 34.133333 34.133333v102.4a34.133333 34.133333 0 0 1-34.133333 34.133333h-204.8a34.133333 34.133333 0 0 1-34.133333-34.133333v-102.4z\" fill=\"#FFFFFF\" p-id=\"57046\"></path></svg>', '记灵工具集', 92, 1, 0);
INSERT INTO `lylme_links` VALUES (123, '奇迹秀工具箱', 4, 'https://www.qijishow.com/down/index.html', '<svg t=\"1723818761282\" class=\"icon\" viewBox=\"0 0 1024 1024\" version=\"1.1\" xmlns=\"http://www.w3.org/2000/svg\" p-id=\"67934\" width=\"200\" height=\"200\"><path d=\"M899.5 899.5h-775v-775h775v775z\" fill=\"#4472C4\" p-id=\"67935\"></path><path d=\"M137 137v750h750V137H137m-25-25h800v800H112V112z\" fill=\"#4472C4\" p-id=\"67936\"></path><path d=\"M643.029 345.834c0-7.64-3.82-13.643-10.368-18.008s-14.188-7.64-22.92-10.368c-9.277-2.183-18.554-3.274-27.285-4.366-9.823-0.546-16.917-1.091-21.828-1.091-3.82 0-10.368 0.546-19.645 1.091-9.823 1.091-20.737 1.637-32.742 2.183-12.005 1.091-25.1 2.729-38.2 3.82-13.643 1.637-26.194 2.729-37.108 3.82l-29.468 3.82c-8.186 1.091-13.1 2.183-14.188 2.729-6.548 3.274-9.277 9.277-9.277 18.008 0 6 2.183 12.005 7.094 18.554a18.4 18.4 0 0 0 9.277 2.729 27.033 27.033 0 0 0 9.277 1.091 158.67 158.67 0 0 0 20.732-1.093c8.731-1.091 16.917-2.183 24.557-3.82 7.094-1.091 14.188-2.728 21.282-3.82s13.643-2.729 20.191-3.82c12.005-2.183 22.92-3.82 33.288-4.911a333.686 333.686 0 0 1 34.925-1.637c10.914 0 16.371 5.457 17.462 16.371-7.094 11.46-13.643 22.919-19.1 33.834a321.286 321.286 0 0 0-15.825 34.379c-10.368 23.465-20.191 46.93-28.922 69.85-9.277 22.92-17.462 45.839-25.1 69.3-7.64 24.011-14.188 47.476-19.645 70.941a111.766 111.766 0 0 0-2.729 13.1 58.277 58.277 0 0 0-1.637 13.643 105.147 105.147 0 0 0 0.546 13.1 41.164 41.164 0 0 0 4.366 13.1 26.67 26.67 0 0 0 7.64 9.823 25.8 25.8 0 0 0 14.188 3.82 16.045 16.045 0 0 0 12.005-4.911c3.274-3.274 5.457-7.094 7.64-11.46l3.274-14.734c0-4.366 0.546-8.731 0.546-13.1a92.5 92.5 0 0 1 0.546-12.005c0-4.366 0-8.731 1.091-13.1 0.546-6 1.637-12.005 2.729-18.008a116.62 116.62 0 0 1 4.366-17.462c4.366-16.917 9.823-36.562 16.917-58.39a842.05 842.05 0 0 1 22.92-64.939 600.189 600.189 0 0 1 29.469-62.757c10.368-19.645 21.828-36.016 34.925-49.659l5.457-5.457 4.911-6c1.091-1.637 1.637-3.82 2.729-6.548a15.847 15.847 0 0 0 1.637-7.642z\" fill=\"#FFFFFF\" p-id=\"67937\"></path></svg>', '奇迹秀工具箱', 88, 1, 0);
INSERT INTO `lylme_links` VALUES (124, '即时工具', 1, 'https://www.67tool.com/', '<svg t=\"1723818841201\" class=\"icon\" viewBox=\"0 0 1024 1024\" version=\"1.1\" xmlns=\"http://www.w3.org/2000/svg\" p-id=\"70726\" width=\"200\" height=\"200\"><path d=\"M238.592 155.648H399.36v450.56C399.36 809.984 302.08 880.64 146.432 880.64c-37.888 0-87.04-6.144-118.784-17.408l18.432-130.048c22.528 7.168 51.2 12.288 82.944 12.288 67.584 0 110.592-30.72 110.592-141.312V155.648h-1.024z m301.056 547.84c41.984 22.528 110.592 44.032 179.2 44.032 73.728 0 113.664-30.72 113.664-78.848 0-43.008-33.792-69.632-119.808-99.328-118.784-40.96-197.632-107.52-197.632-211.968C515.072 235.52 617.472 143.36 785.408 143.36c81.92 0 139.264 16.384 182.272 35.84L931.84 308.224c-27.648-13.312-79.872-33.792-148.48-33.792-69.632 0-103.424 32.768-103.424 68.608 0 45.056 38.912 65.536 132.096 101.376 125.952 46.08 184.32 112.64 184.32 214.016 0 119.808-91.136 221.184-286.72 221.184-81.92 0-161.792-22.528-201.728-44.032l31.744-132.096z\" fill=\"#F4DE51\" p-id=\"70727\"></path></svg>', '即时工具', 89, 1, 0);
INSERT INTO `lylme_links` VALUES (125, '帮小忙', 4, 'https://tool.browser.qq.com/', '<svg t=\"1723818914412\" class=\"icon\" viewBox=\"0 0 1024 1024\" version=\"1.1\" xmlns=\"http://www.w3.org/2000/svg\" p-id=\"2398\" width=\"200\" height=\"200\"><path d=\"M115.74183506 297.49500839c70.42288197-56.83023013 144.21156347-103.17470025 229.13327408-131.91344987 53.46443061-17.99408197 107.83503803-30.68055703 163.11182222-37.6710637 60.97275259-7.63777581 122.4633205-9.32067555 184.08334222-3.10689185 47.50955457 4.78979161 93.98347852 12.81592889 138.90395655 28.73874962 57.47749925 20.32425086 104.21033086 55.14733037 137.47996444 106.2815921 10.48576 16.05227457 18.64135111 34.04635653 23.3016889 52.4288-4.2719763 4.2719763-8.41449876 3.10689185-12.2981136 3.10689184-59.16039902 0-118.32079803-0.12945383-177.48119704 0.25890766-9.70903703 0.12945383-15.27555161-2.84798419-20.58315852-11.13302913-9.96794469-15.66391309-23.69005037-28.86820347-38.188879-40.26014024-40.90740939-32.23400297-85.95734124-55.14733037-137.60941828-67.1865363-39.35396347-9.19122173-79.22574222-13.33374419-118.83861333-12.94538271-45.17938569 0.38836148-90.74713283 4.14252247-135.4087032 14.75773629-47.63900839 11.52139061-94.37184 26.27912691-138.51559507 47.76846221-26.79694222 13.07483653-54.50006124 25.2434963-78.57847308 43.62593977-4.53088395 3.49525333-9.32067555 7.63777581-18.51189729 7.24941431zM92.18123852 645.07853431c-34.04635653 5.82542222-35.08198717 4.91924543-34.56417185-27.57366517 0.12945383-8.02613728 0-16.05227457 0.64726914-23.94895803 1.94180741-22.78387358-3.62470717-42.8492168-23.04278124-57.86586074 14.23992098-12.94538272 34.95253333-12.55702124 42.4608553-31.71618765-12.03920592-4.01306864-23.94895803-2.58907653-35.47034863-2.58907655-10.48576 0.12945383-16.31118222-3.88361482-16.31118222-14.62828247-0.12945383-11.9097521 8.02613728-11.78029827 16.57008987-11.65084445 13.46319803 0.12945383 27.05584987 0 40.64850172 0 7.1199605 0 13.46319803-1.94180741 13.20429037-10.61521382-0.25890765-8.80286025-6.34323753-9.83849086-13.59265184-9.45012938-9.0617679 0.38836148-17.99408197 0-27.05584989 0.25890765-8.93231408 0.25890765-16.82899753-2.07126124-17.34681283-12.16865975-0.64726914-11.26248297 8.80286025-12.03920592 16.69954371-12.81592889 9.45012939-0.77672297 19.02971259-0.25890765 28.60929579-0.38836148 6.08432987-0.12945383 12.16865975-0.51781531 14.62828247-7.89668345-3.10689185-6.86105283-9.45012939-6.47269136-15.27555159-6.60214519-11.52139061-0.25890765-23.04278124-0.38836148-34.56417186-0.25890766-9.96794469 0.12945383-17.73517431-4.14252247-17.73517433-14.11046715 0-9.70903703 7.89668347-14.88719013 17.34681286-15.40500544 10.48576-0.64726914 21.10097383-0.64726914 31.58673381-0.12945383 10.35630617 0.38836148 18.12353581-2.20071506 18.90025877-13.98101333 0.77672297-10.35630617 8.28504494-9.83849086 15.2755516-9.83849086 7.89668347 0 17.47626667-1.29453827 18.64135111 9.96794469 1.29453827 12.16865975 8.41449876 14.23992098 18.77080494 13.72210567 8.54395259-0.38836148 17.08790518-0.12945383 25.50240395 0.38836149 7.1199605 0.38836148 12.29811358 3.75416098 13.59265185 11.52139062 1.4239921 8.67340642-3.62470717 13.07483653-10.48576 16.05227456-8.15559111 3.49525333-16.82899753 1.81235358-25.2434963 1.94180741-7.89668347 0.12945383-16.05227457-1.03563061-22.65441973 5.04869926 1.29453827 8.67340642 7.89668347 7.89668347 13.72210567 8.41449877 8.02613728 0.77672297 15.92282075 1.4239921 23.94895803 2.20071505 7.89668347 0.64726914 11.78029827 4.66033778 11.0035753 12.8159289-0.64726914 7.76722963-4.78979161 11.78029827-12.55702123 11.90975209-8.54395259 0.12945383-17.08790518-0.25890765-25.50240396 0.77672297-4.91924543 0.51781531-10.22685235 3.23634569-9.83849086 9.45012938 0.38836148 6.47269136 4.66033778 10.09739852 11.13302913 9.57958322 11.00357531-0.9061768 21.74824297 3.10689185 32.8812721 0.5178153 8.80286025-2.07126124 13.33374419 2.71853037 13.85155952 11.26248297 0.51781531 8.15559111-2.71853037 13.72210569-11.78029828 13.98101333-13.98101333 0.51781531-28.0914805 1.16508445-42.07249383 1.03563062-7.89668347-0.12945383-13.46319803 2.20071506-16.95845136 9.45012938-6.34323753 13.20429037-19.80643555 20.45370469-29.64492642 31.45728 8.93231408 8.15559111 17.6057205 5.17815309 25.63185778 5.56651456 9.45012939 0.38836148 19.02971259 0.25890765 28.6092958 0.25890766 6.99050667 0 12.68647506-0.38836148 12.03920594-10.48576-0.77672297-12.55702124 10.22685235-13.20429037 18.77080493-14.7577363 8.54395259-1.55344592 15.53445925 2.33016889 16.1817284 11.52139062 1.16508445 14.36937482 10.48576 15.66391309 21.10097382 14.62828247 22.52496592-2.33016889 45.04993185-0.12945383 67.57489778-0.51781531 13.33374419-0.25890765 20.32425086 5.17815309 19.28862024 19.80643556-1.03563061 13.98101333-0.12945383 28.0914805-0.12945382 42.07249382-0.12945383 26.14967309-7.89668347 35.47034864-33.65799506 37.80051754-10.35630617 0.9061768-20.97152-0.64726914-31.45728-1.29453828-12.42756741-0.77672297-14.23992098-10.61521383-13.98101334-19.41807408 0.25890765-9.83849086 9.45012939-6.34323753 15.40500543-6.99050666 1.94180741-0.25890765 4.01306864 0 5.95487606 0 22.26605827 0.12945383 29.64492642-10.35630617 22.39551209-31.58673382-1.81235358-5.43706075-5.82542222-6.60214518-10.48576-6.60214519-16.57008987-0.12945383-33.01072592 0.12945383-49.5808158 0-9.0617679 0-12.29811358 4.2719763-12.16865975 13.07483654 0.38836148 18.51189728-0.25890765 37.15324839 0.25890765 55.66514569 0.38836148 10.87412148-1.81235358 17.21735902-14.75773629 15.92282073-11.13302914-1.03563061-21.35988148-1.16508445-20.58315853-16.82899753 0.77672297-16.95845136-0.25890765-34.04635653 0.51781531-51.13426173 0.51781531-12.16865975-3.62470717-17.73517431-16.18172839-17.21735901-12.03920592 0.51781531-24.07841185 0.12945383-36.11761778 0-8.54395259 0-12.68647506 3.49525333-12.4275674 12.68647506 0.12945383 15.92282075-0.12945383 32.3634568-0.12945383 49.71026962zM85.19073185 719.12612347c34.69362569 45.43829333 76.63666569 76.11885037 125.69966618 96.57255505 37.15324839 15.53445925 76.63666569 22.65441975 116.89680592 24.46677333 59.93712197 2.58907653 119.09752098-3.10689185 176.8339279-19.15916642 45.43829333-12.55702124 88.02860247-31.71618765 126.86475062-59.03094518 10.22685235-7.1199605 21.10097383-13.33374419 29.90383406-22.3955121 3.23634569-3.3657995 7.50832197-4.91924543 12.2981136-4.78979162 37.02379457 0.12945383 74.17704297 0.12945383 111.20083752 0.25890766 2.97743803 0 5.95487605 0.38836148 8.5439526 3.49525334-4.14252247 9.83849086-13.20429037 15.66391309-20.97152 22.3955121-74.8243121 65.50363653-163.62963753 98.25545482-261.10836939 111.0713837-34.30526419 4.53088395-68.48107457 8.15559111-103.04524641 8.02613728-67.57489778-0.25890765-133.59634963-10.48576-195.8636405-37.54160986-24.98458864-10.87412148-47.38010075-26.66748839-68.48107456-44.92047803-19.28862025-16.6995437-33.91690272-36.37652543-49.45136198-55.79459952-4.01306864-5.30760691-8.28504494-10.87412148-9.32067556-22.65441973zM771.94328494 453.74577778c-4.01306864 6.2137837-2.71853037 11.3919368-2.71853037 16.18172839-0.12945383 59.67821431-0.25890765 119.35642864 0.12945382 179.03464297 0.12945383 10.61521383-1.68289975 18.12353581-13.59265186 18.38244345-12.81592889 0.38836148-14.36937482-9.0617679-14.3693748-18.51189728 0-48.67463902 0.38836148-97.21982419 0.38836147-145.89446321 0-39.61287111-0.25890765-79.09628839-0.5178153-118.70915951 0-3.49525333-0.38836148-7.1199605 0.25890765-10.48576 1.4239921-7.1199605 3.49525333-14.11046717 13.07483655-13.3337442 8.67340642 0.64726914 14.11046717 5.56651457 14.36937481 14.36937481 0.38836148 10.48576 0.12945383 21.10097383 0.12945384 31.58673383 0 3.49525333-0.25890765 9.45012939 2.71853036 9.32067556 17.21735902-0.77672297 22.65441975 13.8515595 33.01072592 24.98458865 7.89668347-14.62828247 20.58315852-12.81592889 33.14017977-12.81592889 50.09863111 0.38836148 100.06780839-0.77672297 150.1664395 0.77672296 14.36937482 0.51781531 15.79336691 7.76722963 16.18172839 19.15916642 0.38836148 13.59265185-7.76722963 14.23992098-17.6057205 14.11046716-33.52854124-0.38836148-67.1865363-0.64726914-100.71507752-1.16508444-9.96794469-0.12945383-14.7577363 4.40143013-14.7577363 14.3693748 0 42.07249383 0 84.27444148-0.12945384 126.34693532 0 11.78029827 6.2137837 15.27555161 17.34681286 15.14609778 30.0332879-0.51781531 60.19602963 0.38836148 90.22931752-0.51781532 12.94538272-0.38836148 14.7577363 6.08432987 15.53445926 16.31118222 0.77672297 10.87412148-4.40143013 14.11046717-14.11046715 14.62828248-44.14375506 1.81235358-88.1580563 1.81235358-132.30181137-0.25890765-10.35630617-0.51781531-10.87412148-7.63777581-11.13302913-14.49882865-0.51781531-15.01664395-0.25890765-30.0332879-0.25890766-45.17938568 0.25890765-35.08198717 0.64726914-70.16397431 0.77672297-105.24596148 0-4.53088395-0.51781531-9.0617679-1.29453828-13.46319802-1.03563061-5.17815309-5.17815309-7.63777581-9.83849086-7.6377758-4.91924543 0-10.22685235 0.51781531-12.03920593 6.60214518-1.16508445 3.75416098-2.20071506 7.63777581-3.75416098 11.26248296-2.45962272 5.69596839-5.95487605 10.61521383-13.46319803 9.83849088-7.1199605-0.77672297-10.22685235-5.30760691-11.9097521-11.65084445-1.81235358-8.28504494-3.88361482-17.08790518-12.94538271-23.04278124z\" fill=\"#4F98FB\" p-id=\"2399\"></path><path d=\"M266.81445136 407.40130765c-8.41449876-3.3657995-16.95845136-1.55344592-25.2434963-1.55344592-8.93231408 0-8.15559111 6.99050667-8.15559111 12.94538272 0.12945383 34.56417185-0.9061768 69.1283437 0.64726914 103.69251555 0.77672297 16.95845136-10.09739852 16.05227457-19.93588939 17.21735902-11.26248297 1.29453827-14.23992098-5.56651457-14.23992098-15.92282075-0.25890765-42.46085531-1.16508445-84.92171061-1.42399211-127.38256592-0.12945383-18.38244347 2.45962272-20.19479703 21.10097384-20.84206618 23.94895803-0.77672297 48.02736987 1.94180741 71.84687407-2.4596227 10.35630617-1.94180741 17.99408197 4.66033778 25.50240395 10.74466764 5.17815309 4.2719763 2.71853037 9.0617679 0.25890766 13.59265186-5.17815309 9.19122173-11.3919368 17.6057205-18.77080495 25.24349628-9.32067555 9.70903703-9.0617679 18.25298963 1.29453829 28.0914805 10.87412148 10.48576 23.04278124 21.23042765 21.23042764 39.22450964-1.81235358 18.25298963-11.00357531 28.73874963-28.73874963 33.78744888-12.81592889 3.62470717-25.89076543 2.20071506-38.83614815 1.94180742-10.74466765-0.25890765-14.7577363-10.48576-12.16865975-27.57366519 8.67340642-2.84798419 17.6057205-0.9061768 26.53803457-1.03563063 6.86105283-0.12945383 13.20429037-1.16508445 16.6995437-7.76722962 4.01306864-7.37886815 0.9061768-13.72210569-3.62470716-19.28862025-5.30760691-6.60214518-10.35630617-13.33374419-18.1235358-17.6057205-9.5795832-5.17815309-14.23992098-11.52139061-4.53088395-22.26605826 5.04869925-5.56651457 11.00357531-12.94538272 8.67340642-22.78387359zM529.21735902 367.40007506c3.49525333 6.99050667 2.33016889 13.07483653 2.33016888 18.90025877 0 76.11885037-0.25890765 152.36715457 0 228.48600493 0.12945383 41.29577086 1.81235358 44.53211653-50.48699259 51.91098471-5.43706075 0.77672297-11.00357531 0-16.57008988-0.12945384-17.47626667-0.25890765-26.27912691-9.45012939-25.50240395-26.92639605 0.38836148-8.28504494 6.2137837-10.61521383 13.59265185-10.61521383 9.45012939 0.12945383 19.02971259-0.38836148 28.47984198 0.51781531 11.3919368 1.16508445 14.49882864-3.23634569 14.36937482-14.49882864-0.38836148-74.69485827-0.12945383-149.38971653-0.25890766-224.08457481 0-24.98458864-0.12945383-24.98458864 24.3373195-24.46677334 3.23634569 0.38836148 6.2137837 0.64726914 9.70903705 0.90617679zM599.64024098 441.9654795c6.08432987-0.9061768 10.74466765 1.03563061 13.59265185 6.86105285 18.25298963 39.35396347 42.07249383 76.37775803 52.16989235 119.35642863 3.3657995 14.62828247-11.00357531 31.19837235-25.7613116 28.35038816-6.99050667-1.4239921-7.76722963-8.41449876-9.32067555-14.11046717-8.02613728-28.99765728-19.93588939-56.44186864-31.8456415-83.88608-4.78979161-11.00357531-10.22685235-21.61878914-15.40500542-32.36345679-7.76722963-16.31118222-2.45962272-24.07841185 16.57008987-24.20786568zM446.49636347 457.62939259c-3.49525333 23.17223506-10.48576 46.2150163-19.67698174 68.35162074-8.28504494 19.80643555-18.77080494 38.70669431-28.99765728 57.73640692-2.84798419 5.43706075-6.73159902 13.20429037-14.36937482 10.74466765-8.93231408-2.97743803-16.44063605-9.45012939-22.78387358-16.44063605-1.68289975-1.81235358 0.38836148-4.66033778 1.81235358-6.73159902 23.94895803-35.34089482 37.41215605-75.08321975 46.08556247-116.37899061 2.20071506-10.48576 8.02613728-13.8515595 16.95845137-11.26248297 8.02613728 2.20071506 20.97152-1.94180741 20.97152 13.98101334zM733.1071368 447.27308642c-0.77672297 23.17223506-4.53088395 42.71976297-10.22685235 61.87892939-1.68289975 5.82542222-4.53088395 11.52139061-12.68647506 8.93231406-7.24941431-2.33016889-15.27555161-4.40143013-13.46319803-14.62828246 4.14252247-23.04278124 8.80286025-45.82665482 13.33374419-68.86943605 1.03563061-5.17815309 4.66033778-7.50832197 9.57958321-7.89668346 5.82542222-0.64726914 9.70903703 2.07126124 11.00357532 7.76722963 1.4239921 5.17815309 2.07126124 10.61521383 2.45962272 12.81592889zM912.65959506 421.25286717c-6.47269136 0.9061768-11.78029827-2.71853037-15.79336691-8.28504495-5.30760691-7.24941431-10.35630617-14.7577363-15.53445926-22.00715061-5.56651457-7.76722963-10.22685235-14.7577363 0.64726914-22.78387358 9.83849086-7.24941431 17.34681283-8.28504494 24.8551348 2.71853036 6.2137837 9.0617679 13.59265185 17.21735902 19.54752792 26.40858075 8.67340642 13.07483653 2.71853037 23.56059653-13.72210569 23.94895803z\" fill=\"#4F98FB\" p-id=\"2400\"></path></svg>', '帮小忙', 90, 1, 0);

-- ----------------------------
-- Table structure for lylme_pwd
-- ----------------------------
DROP TABLE IF EXISTS `lylme_pwd`;
CREATE TABLE `lylme_pwd`  (
  `pwd_id` int(2) NOT NULL AUTO_INCREMENT COMMENT '加密组ID',
  `pwd_name` varchar(20) CHARACTER SET utf8 COLLATE utf8_general_ci NOT NULL COMMENT '加密组名称',
  `pwd_key` varchar(20) CHARACTER SET utf8 COLLATE utf8_general_ci NOT NULL COMMENT '加密组密码',
  `pwd_ps` varchar(30) CHARACTER SET utf8 COLLATE utf8_general_ci NULL DEFAULT NULL COMMENT '加密组备注',
  PRIMARY KEY (`pwd_id`) USING BTREE
) ENGINE = InnoDB AUTO_INCREMENT = 2 CHARACTER SET = utf8 COLLATE = utf8_general_ci ROW_FORMAT = Dynamic;

-- ----------------------------
-- Records of lylme_pwd
-- ----------------------------

-- ----------------------------
-- Table structure for lylme_sou
-- ----------------------------
DROP TABLE IF EXISTS `lylme_sou`;
CREATE TABLE `lylme_sou`  (
  `sou_id` int(11) NOT NULL AUTO_INCREMENT COMMENT '搜索引擎ID',
  `sou_alias` varchar(20) CHARACTER SET utf8 COLLATE utf8_general_ci NOT NULL COMMENT '搜索引擎别名',
  `sou_name` varchar(20) CHARACTER SET utf8 COLLATE utf8_general_ci NOT NULL COMMENT '搜索引擎名称',
  `sou_hint` varchar(30) CHARACTER SET utf8 COLLATE utf8_general_ci NOT NULL DEFAULT '请输入搜索关键词' COMMENT '搜索引擎提示文字',
  `sou_color` varchar(20) CHARACTER SET utf8 COLLATE utf8_general_ci NOT NULL DEFAULT '#696a6d' COMMENT '搜索引擎字体颜色',
  `sou_link` varchar(255) CHARACTER SET utf8 COLLATE utf8_general_ci NOT NULL COMMENT '搜索引擎地址',
  `sou_waplink` varchar(255) CHARACTER SET utf8 COLLATE utf8_general_ci NULL DEFAULT NULL COMMENT '搜索引擎移动端地址',
  `sou_icon` text CHARACTER SET utf8 COLLATE utf8_general_ci NOT NULL COMMENT '搜索引擎图标',
  `sou_st` int(1) NOT NULL DEFAULT 1 COMMENT '搜索引擎开关',
  `sou_order` int(2) NOT NULL COMMENT '搜索引擎排序',
  PRIMARY KEY (`sou_id`) USING BTREE
) ENGINE = InnoDB AUTO_INCREMENT = 10 CHARACTER SET = utf8 COLLATE = utf8_general_ci COMMENT = '搜索引擎' ROW_FORMAT = Dynamic;

-- ----------------------------
-- Records of lylme_sou
-- ----------------------------
INSERT INTO `lylme_sou` VALUES (1, 'baidu', '百度一下', '百度一下，你就知道', '#0c498c', 'https://www.baidu.com/s?word=', 'https://m.baidu.com/s?word=', '<svg class=\"icon\" aria-hidden=\"true\"><use xlink:href=\"#icon-icon_baidulogo\"></use></svg>', 1, 7);
INSERT INTO `lylme_sou` VALUES (2, 'sogou', '搜狗搜索', '上网从搜狗开始', '#696a6d', 'https://www.sogou.com/web?query=', '', '<svg class=\"icon\" aria-hidden=\"true\"><use xlink:href=\"#icon-sougou\"></use></svg>', 0, 1);
INSERT INTO `lylme_sou` VALUES (3, 'bing', 'Bing必应', '微软必应搜索', '#696a6d', 'https://cn.bing.com/search?q=', '', '<svg class=\"icon\" aria-hidden=\"true\"><use xlink:href=\"#icon-bing\"></use></svg>', 1, 2);
INSERT INTO `lylme_sou` VALUES (4, 'zhihu', '知乎搜索', '有问题，上知乎', '#0084fe', 'https://www.zhihu.com/search?q=', NULL, '<svg class=\"icon\" aria-hidden=\"true\"><use xlink:href=\"#icon-zhihu\"></use></svg>', 1, 4);
INSERT INTO `lylme_sou` VALUES (5, 'bilibili', '哔哩哔哩', '(゜-゜)つロ 干杯~', '#00aeec', 'https://search.bilibili.com/all?keyword=', NULL, '<svg class=\"icon\" aria-hidden=\"true\"><use xlink:href=\"#icon-bili\"></use></svg>', 1, 5);
INSERT INTO `lylme_sou` VALUES (6, 'weibo', '微博搜索', '随时随地发现新鲜事', '#ff5722', 'https://s.weibo.com/weibo/', '', '<svg class=\"icon\" aria-hidden=\"true\"><use xlink:href=\"#icon-weibo\"></use></svg>', 0, 6);
INSERT INTO `lylme_sou` VALUES (7, 'google', '谷歌搜索', '值得信任的搜索引擎', '#3B83FA', 'https://www.google.com/search?q=', '', '<svg class=\"icon\" aria-hidden=\"true\"><use xlink:href=\"#icon-google00\"></use></svg>', 1, 3);
INSERT INTO `lylme_sou` VALUES (8, 'fanyi', '在线翻译', '输入翻译内容（自动检测语言）', '#0084fe', 'https://fanyi.baidu.com/#auto/zh/', '', '<svg class=\"icon\" aria-hidden=\"true\"><use xlink:href=\"#icon-fanyi\"></use></svg>', 0, 8);
INSERT INTO `lylme_sou` VALUES (9, 'backdata', 'Backdata', '请输入搜索内容', '#696a6d', 'https://backdata.net/search.html?q=', '', '<svg t=\"1723818617280\" class=\"icon\" viewBox=\"0 0 1024 1024\" version=\"1.1\" xmlns=\"http://www.w3.org/2000/svg\" p-id=\"62161\" width=\"200\" height=\"200\"><path d=\"M512 899.5c-213.668 0-387.5-173.832-387.5-387.5S298.332 124.5 512 124.5 899.5 298.332 899.5 512 725.668 899.5 512 899.5z\" fill=\"#4472C4\" p-id=\"62162\"></path><path d=\"M512 137c-206.776 0-375 168.224-375 375s168.224 375 375 375 375-168.224 375-375-168.224-375-375-375m0-25c220.914 0 400 179.086 400 400S732.914 912 512 912 112 732.914 112 512s179.086-400 400-400z\" fill=\"#4472C4\" p-id=\"62163\"></path><path d=\"M667.628 607.93c0-19.767-8.721-38.372-25-55.814-16.86-16.86-42.442-29.07-76.744-37.209 16.279-6.977 30.233-14.535 41.279-23.256a119.115 119.115 0 0 0 25-26.744c5.814-9.3 10.465-18.6 12.791-28.488a119.38 119.38 0 0 0 3.488-28.488 114.54 114.54 0 0 0-6.4-37.791 87.969 87.969 0 0 0-19.767-30.233c-8.721-8.721-19.767-15.7-32.558-20.93-13.372-4.651-28.488-6.977-45.93-6.977q-25.291 0-52.326 10.465a395.384 395.384 0 0 0-55.233 26.163c-1.163-11.047-2.326-19.767-4.651-26.163-2.907-5.814-7.558-9.3-13.953-9.3-5.814 0-11.047 1.744-16.279 4.07-5.233 2.907-9.3 6.4-11.628 10.465l2.326 22.674-0.581 31.977c-5.814 5.233-8.14 9.3-8.14 11.628a6.281 6.281 0 0 0 1.744 4.07c1.163 1.744 2.907 3.488 6.4 5.814v48.256c0 11.628-0.581 23.837-0.581 35.465V521.3q0 31.4-1.744 62.791c-1.163 20.93-3.488 42.442-5.814 65.7q-14.827 1.744-20.927 6.976c-4.651 4.07-6.4 8.14-6.4 12.791q0 8.721 6.977 12.209a103.428 103.428 0 0 0 15.7 6.977v11.047a6.6 6.6 0 0 0 1.744 4.651q1.744 3.488 6.977 5.233a17.06 17.06 0 0 0 9.3 2.326q4.36 0 10.465-3.488c3.488-1.744 6.4-5.233 8.721-11.047 5.233 1.744 12.209 2.907 20.349 4.07 8.14 1.744 16.279 2.907 25.581 4.07 8.721 1.163 17.442 2.326 26.744 2.907a155.917 155.917 0 0 0 22.674 1.163c12.209 0 23.256 0 33.721-1.163a152.67 152.67 0 0 0 28.488-2.907 98.238 98.238 0 0 0 25.581-6.977 134.477 134.477 0 0 0 26.163-12.791c12.791-6.977 22.674-16.86 30.814-29.651 7.559-12.21 11.629-28.487 11.629-48.257z m-62.209-201.163c0 31.4-14.535 54.07-42.442 68.6-29.07 15.116-72.093 24.419-129.07 29.07l1.163-29.07v-51.163c0-8.14 0.581-17.442 0.581-27.326 6.977-4.651 14.535-10.465 23.837-16.279a319.893 319.893 0 0 1 27.912-16.273c9.3-4.651 19.186-8.139 29.07-11.628a79 79 0 0 1 27.907-5.233 65.708 65.708 0 0 1 26.158 5.235 58.342 58.342 0 0 1 19.186 13.953c4.651 5.814 8.721 11.628 11.628 18.6 2.325 6.98 4.07 14.538 4.07 21.514z m17.441 207.559c0 17.442-8.721 31.4-26.163 42.442-17.442 11.628-45.349 16.86-84.884 16.86-9.3 0-18.6 0-26.744-1.163s-16.279-2.326-23.256-4.07a130.016 130.016 0 0 1-18.023-2.907L426.349 662c2.326-21.512 3.488-41.86 4.07-61.047 0-18.6 0-38.953 1.163-61.047h31.4c5.814 0.581 12.209 0.581 18.023 0.581h15.116c12.791 0 26.163 1.163 41.279 2.907a182.266 182.266 0 0 1 40.7 11.047 99.424 99.424 0 0 1 31.97 22.675c8.139 9.884 12.79 22.093 12.79 37.21z\" fill=\"#FFFFFF\" p-id=\"62164\"></path></svg>', 1, 9);

-- ----------------------------
-- Table structure for lylme_tags
-- ----------------------------
DROP TABLE IF EXISTS `lylme_tags`;
CREATE TABLE `lylme_tags`  (
  `tag_id` int(11) NOT NULL AUTO_INCREMENT COMMENT '导航菜单ID',
  `tag_name` varchar(30) CHARACTER SET utf8 COLLATE utf8_general_ci NOT NULL,
  `tag_link` varchar(60) CHARACTER SET utf8 COLLATE utf8_general_ci NOT NULL,
  `tag_target` int(1) NOT NULL DEFAULT 1,
  `sort` int(11) NOT NULL DEFAULT 10 COMMENT '权重',
  PRIMARY KEY (`tag_id`) USING BTREE
) ENGINE = InnoDB AUTO_INCREMENT = 8 CHARACTER SET = utf8 COLLATE = utf8_general_ci ROW_FORMAT = Dynamic;

-- ----------------------------
-- Records of lylme_tags
-- ----------------------------
INSERT INTO `lylme_tags` VALUES (1, '关于本站', '/about', 1, 10);
INSERT INTO `lylme_tags` VALUES (2, '申请收录', '/apply', 1, 10);
INSERT INTO `lylme_tags` VALUES (3, '访问管理', '/pwd', 0, 10);
INSERT INTO `lylme_tags` VALUES (7, '后台管理', '/admin', 1, 10);

SET FOREIGN_KEY_CHECKS = 1;
